{
	"credit": "Made with Blockbench",
	"texture_size": [32, 32],
	"textures": {
		"1": "item/stick/thekingsstaff",
		"particle": "item/stick/anvil",
		"body": "item/stick/anvil",
		"top": "item/stick/anvil_top"
	},
	"elements": [
		{
			"name": "Staff_Part_1",
			"from": [7, -16, 7],
			"to": [9, 16, 9],
			"faces": {
				"north": {"uv": [0, 0, 1, 16], "texture": "#1"},
				"east": {"uv": [1, 0, 2, 16], "texture": "#1"},
				"south": {"uv": [2, 0, 3, 16], "texture": "#1"},
				"west": {"uv": [3, 0, 4, 16], "texture": "#1"},
				"up": {"uv": [12, 8, 11, 7], "texture": "#1"},
				"down": {"uv": [12, 8, 11, 9], "texture": "#1"}
			}
		},
		{
			"name": "Staff_Part_2",
			"from": [7, 16, 3],
			"to": [9, 17, 9],
			"faces": {
				"north": {"uv": [12, 1, 13, 1.5], "texture": "#1"},
				"east": {"uv": [11, 0, 14, 0.5], "texture": "#1"},
				"south": {"uv": [12, 1.5, 13, 2], "texture": "#1"},
				"west": {"uv": [11, 0.5, 14, 1], "texture": "#1"},
				"up": {"uv": [7, 13.5, 6, 10.5], "texture": "#1"},
				"down": {"uv": [8, 10.5, 7, 13.5], "texture": "#1"}
			}
		},
		{
			"name": "Staff_Part_3",
			"from": [7, 17, 3],
			"to": [9, 24, 4],
			"faces": {
				"north": {"uv": [4, 10.5, 5, 14], "texture": "#1"},
				"east": {"uv": [10, 10.5, 10.5, 14], "texture": "#1"},
				"south": {"uv": [5, 10.5, 6, 14], "texture": "#1"},
				"west": {"uv": [10.5, 10.5, 11, 14], "texture": "#1"},
				"up": {"uv": [13, 2.5, 12, 2], "texture": "#1"},
				"down": {"uv": [13, 2.5, 12, 3], "texture": "#1"}
			}
		},
		{
			"name": "Staff_Part_4",
			"from": [7, 24, 3],
			"to": [9, 25, 7],
			"rotation": {"angle": 0, "axis": "x", "origin": [8, 20.5, 8.5]},
			"faces": {
				"north": {"uv": [12, 3, 13, 3.5], "texture": "#1"},
				"east": {"uv": [11, 9, 13, 9.5], "texture": "#1"},
				"south": {"uv": [12, 3.5, 13, 4], "texture": "#1"},
				"west": {"uv": [11, 9.5, 13, 10], "texture": "#1"},
				"up": {"uv": [9, 12.5, 8, 10.5], "texture": "#1"},
				"down": {"uv": [10, 10.5, 9, 12.5], "texture": "#1"}
			}
		},
		{
			"name": "Staff_Tip",
			"from": [7, 24, 7],
			"to": [9, 27, 9],
			"rotation": {"angle": 0, "axis": "x", "origin": [8, 20.5, 8.5]},
			"faces": {
				"north": {"uv": [11, 1, 12, 2.5], "texture": "#1"},
				"east": {"uv": [11, 2.5, 12, 4], "texture": "#1"},
				"south": {"uv": [11, 4, 12, 5.5], "texture": "#1"},
				"west": {"uv": [11, 5.5, 12, 7], "texture": "#1"},
				"up": {"uv": [12, 11, 11, 10], "texture": "#1"},
				"down": {"uv": [12, 11, 11, 12], "texture": "#1"}
			}
		},
		{
			"name": "Anvil base",
			"from": [5, 17, 5],
			"to": [11, 19, 11],
			"rotation": {"angle": 0, "axis": "y", "origin": [8, 2, 8]},
			"faces": {
				"north": {"uv": [2, 12, 14, 16], "texture": "#body"},
				"east": {"uv": [4, 2, 0, 14], "rotation": 270, "texture": "#body"},
				"south": {"uv": [2, 12, 14, 16], "texture": "#body"},
				"west": {"uv": [0, 2, 4, 14], "rotation": 90, "texture": "#body"},
				"up": {"uv": [2, 2, 14, 14], "rotation": 180, "texture": "#body"},
				"down": {"uv": [2, 2, 14, 14], "rotation": 180, "texture": "#body", "cullface": "down"}
			}
		},
		{
			"name": "Lower narrow portion",
			"from": [6, 19, 5.5],
			"to": [10, 19.5, 10.5],
			"rotation": {"angle": 0, "axis": "y", "origin": [8, 4.5, 8]},
			"faces": {
				"north": {"uv": [4, 11, 12, 12], "texture": "#body"},
				"east": {"uv": [5, 3, 4, 13], "rotation": 270, "texture": "#body"},
				"south": {"uv": [4, 11, 12, 12], "texture": "#body"},
				"west": {"uv": [4, 3, 5, 13], "rotation": 90, "texture": "#body"},
				"up": {"uv": [4, 3, 12, 13], "rotation": 180, "texture": "#body"}
			}
		},
		{
			"name": "Wider section beneath top portion",
			"from": [7, 19, 6],
			"to": [9, 21.5, 10],
			"rotation": {"angle": 0, "axis": "y", "origin": [8, 7.5, 8]},
			"faces": {
				"north": {"uv": [6, 6, 10, 11], "texture": "#body"},
				"east": {"uv": [10, 4, 5, 12], "rotation": 270, "texture": "#body"},
				"south": {"uv": [6, 6, 10, 11], "texture": "#body"},
				"west": {"uv": [5, 4, 10, 12], "rotation": 90, "texture": "#body"}
			}
		},
		{
			"name": "Anvil top",
			"from": [5.5, 21, 4],
			"to": [10.5, 24, 12],
			"rotation": {"angle": 0, "axis": "y", "origin": [8, 13, 8]},
			"faces": {
				"north": {"uv": [3, 0, 13, 6], "texture": "#body"},
				"east": {"uv": [16, 0, 10, 16], "rotation": 270, "texture": "#body"},
				"south": {"uv": [3, 0, 13, 6], "texture": "#body"},
				"west": {"uv": [10, 0, 16, 16], "rotation": 90, "texture": "#body"},
				"up": {"uv": [3, 0, 13, 16], "rotation": 180, "texture": "#top"},
				"down": {"uv": [3, 0, 13, 16], "rotation": 180, "texture": "#body"}
			}
		}
	],
	"display": {
		"thirdperson_righthand": {
			"rotation": [0, 180, 0],
			"translation": [0, 0, 1.25],
			"scale": [0.8, 0.8, 0.8]
		},
		"thirdperson_lefthand": {
			"rotation": [0, 180, 0],
			"translation": [0, 0, 1.25],
			"scale": [0.8, 0.8, 0.8]
		},
		"firstperson_righthand": {
			"rotation": [-6, -180, 0],
			"translation": [1.25, -1.25, -0.25],
			"scale": [0.8, 0.8, 0.8]
		},
		"firstperson_lefthand": {
			"rotation": [-6, -180, 0],
			"translation": [1.25, -1.25, -0.25],
			"scale": [0.8, 0.8, 0.8]
		},
		"ground": {
			"rotation": [0, 180, 58],
			"translation": [0, 9.5, 0]
		},
		"gui": {
			"rotation": [0, 0, 45],
			"translation": [-1, 1, 0],
			"scale": [0.5, 0.5, 0.5]
		},
		"head": {
			"rotation": [0, 180, 0]
		},
		"fixed": {
			"rotation": [0, 90, 0],
			"scale": [0.5, 0.5, 0.5]
		}
	},
	"groups": [
		{
			"name": "The_Kings_Staff",
			"origin": [0, 0, 0],
			"color": 0,
			"children": [0, 1, 2, 3, 4]
		},
		{
			"name": "group",
			"origin": [0, 0, 0],
			"color": 0,
			"children": [5, 6, 7, 8]
		}
	]
}