{
	"credit": "Made with Blockbench",
	"texture_size": [32, 32],
	"textures": {
		"1": "item/stick/brewing_stand",
		"2": "item/stick/brewing_stand_base",
		"3": "item/stick/thekingsstaff",
		"particle": "item/stick/brewing_stand"
	},
	"elements": [
		{
			"name": "Staff_Part_1",
			"from": [7, -16, 7],
			"to": [9, 16, 9],
			"faces": {
				"north": {"uv": [0, 0, 1, 16], "texture": "#3"},
				"east": {"uv": [1, 0, 2, 16], "texture": "#3"},
				"south": {"uv": [2, 0, 3, 16], "texture": "#3"},
				"west": {"uv": [3, 0, 4, 16], "texture": "#3"},
				"up": {"uv": [12, 8, 11, 7], "texture": "#3"},
				"down": {"uv": [12, 8, 11, 9], "texture": "#3"}
			}
		},
		{
			"name": "Staff_Part_2",
			"from": [7, 16, 3],
			"to": [9, 17, 9],
			"faces": {
				"north": {"uv": [12, 1, 13, 1.5], "texture": "#3"},
				"east": {"uv": [11, 0, 14, 0.5], "texture": "#3"},
				"south": {"uv": [12, 1.5, 13, 2], "texture": "#3"},
				"west": {"uv": [11, 0.5, 14, 1], "texture": "#3"},
				"up": {"uv": [7, 13.5, 6, 10.5], "texture": "#3"},
				"down": {"uv": [8, 10.5, 7, 13.5], "texture": "#3"}
			}
		},
		{
			"name": "Staff_Part_3",
			"from": [7, 17, 3],
			"to": [9, 24, 4],
			"faces": {
				"north": {"uv": [4, 10.5, 5, 14], "texture": "#3"},
				"east": {"uv": [10, 10.5, 10.5, 14], "texture": "#3"},
				"south": {"uv": [5, 10.5, 6, 14], "texture": "#3"},
				"west": {"uv": [10.5, 10.5, 11, 14], "texture": "#3"},
				"up": {"uv": [13, 2.5, 12, 2], "texture": "#3"},
				"down": {"uv": [13, 2.5, 12, 3], "texture": "#3"}
			}
		},
		{
			"name": "Staff_Part_4",
			"from": [7, 24, 3],
			"to": [9, 25, 7],
			"rotation": {"angle": 0, "axis": "y", "origin": [8, 20.5, 8.5]},
			"faces": {
				"north": {"uv": [12, 3, 13, 3.5], "texture": "#3"},
				"east": {"uv": [11, 9, 13, 9.5], "texture": "#3"},
				"south": {"uv": [12, 3.5, 13, 4], "texture": "#3"},
				"west": {"uv": [11, 9.5, 13, 10], "texture": "#3"},
				"up": {"uv": [9, 12.5, 8, 10.5], "texture": "#3"},
				"down": {"uv": [10, 10.5, 9, 12.5], "texture": "#3"}
			}
		},
		{
			"name": "Staff_Tip",
			"from": [7, 24, 7],
			"to": [9, 27, 9],
			"rotation": {"angle": 0, "axis": "y", "origin": [8, 20.5, 8.5]},
			"faces": {
				"north": {"uv": [11, 1, 12, 2.5], "texture": "#3"},
				"east": {"uv": [11, 2.5, 12, 4], "texture": "#3"},
				"south": {"uv": [11, 4, 12, 5.5], "texture": "#3"},
				"west": {"uv": [11, 5.5, 12, 7], "texture": "#3"},
				"up": {"uv": [12, 11, 11, 10], "texture": "#3"},
				"down": {"uv": [12, 11, 11, 12], "texture": "#3"}
			}
		},
		{
			"from": [7.5, 17, 7.5],
			"to": [8.5, 24, 8.5],
			"rotation": {"angle": 0, "axis": "y", "origin": [8, 19.25, 8]},
			"faces": {
				"north": {"uv": [7, 2, 9, 16], "texture": "#1"},
				"east": {"uv": [7, 2, 9, 16], "texture": "#1"},
				"south": {"uv": [7, 2, 9, 16], "texture": "#1"},
				"west": {"uv": [7, 2, 9, 16], "texture": "#1"},
				"up": {"uv": [7, 7, 9, 9], "rotation": 90, "texture": "#1"},
				"down": {"uv": [7, 7, 9, 9], "rotation": 270, "texture": "#1"}
			}
		},
		{
			"from": [6.5, 17, 8.5],
			"to": [9.5, 18, 11.5],
			"rotation": {"angle": 0, "axis": "y", "origin": [8, 19.25, 8]},
			"faces": {
				"north": {"uv": [5, 14, 11, 16], "texture": "#2"},
				"east": {"uv": [9, 14, 15, 16], "texture": "#2"},
				"south": {"uv": [5, 14, 11, 16], "texture": "#2"},
				"west": {"uv": [9, 14, 15, 16], "texture": "#2"},
				"up": {"uv": [9, 5, 15, 11], "rotation": 90, "texture": "#2"},
				"down": {"uv": [9, 5, 15, 11], "rotation": 270, "texture": "#2", "cullface": "down"}
			}
		},
		{
			"from": [8.5, 17, 4.5],
			"to": [11.5, 18, 7.5],
			"rotation": {"angle": 0, "axis": "y", "origin": [8, 19.25, 8]},
			"faces": {
				"north": {"uv": [1, 14, 7, 16], "texture": "#2"},
				"east": {"uv": [1, 14, 7, 16], "texture": "#2"},
				"south": {"uv": [1, 14, 7, 16], "texture": "#2"},
				"west": {"uv": [1, 14, 7, 16], "texture": "#2"},
				"up": {"uv": [1, 1, 7, 7], "rotation": 90, "texture": "#2"},
				"down": {"uv": [1, 1, 7, 7], "rotation": 270, "texture": "#2", "cullface": "down"}
			}
		},
		{
			"from": [4.5, 17, 4.5],
			"to": [7.5, 18, 7.5],
			"rotation": {"angle": 0, "axis": "y", "origin": [8, 19.25, 8]},
			"faces": {
				"north": {"uv": [9, 14, 15, 16], "texture": "#2"},
				"east": {"uv": [1, 14, 7, 16], "texture": "#2"},
				"south": {"uv": [9, 14, 15, 16], "texture": "#2"},
				"west": {"uv": [1, 14, 7, 16], "texture": "#2"},
				"up": {"uv": [1, 9, 7, 15], "rotation": 90, "texture": "#2"},
				"down": {"uv": [1, 9, 7, 15], "rotation": 270, "texture": "#2", "cullface": "down"}
			}
		},
		{
			"from": [8, 17, 8],
			"to": [8, 25, 12],
			"rotation": {"angle": 0, "axis": "y", "origin": [8, 19.25, 8]},
			"faces": {
				"east": {"uv": [0, 0, 8, 16], "texture": "#1"},
				"west": {"uv": [8, 0, 0, 16], "texture": "#1"}
			}
		},
		{
			"from": [8, 17, 3.795],
			"to": [8, 25, 7.795],
			"rotation": {"angle": -45, "axis": "y", "origin": [8, 19.25, 8]},
			"faces": {
				"east": {"uv": [8, 0, 0, 16], "texture": "#1"},
				"west": {"uv": [0, 0, 8, 16], "texture": "#1"}
			}
		},
		{
			"from": [3.795, 17, 8],
			"to": [7.795, 25, 8],
			"rotation": {"angle": -45, "axis": "y", "origin": [8, 19.25, 8]},
			"faces": {
				"north": {"uv": [8, 0, 0, 16], "texture": "#1"},
				"south": {"uv": [0, 0, 8, 16], "texture": "#1"}
			}
		}
	],
	"display": {
		"thirdperson_righthand": {
			"rotation": [0, 180, 0],
			"translation": [0, 0, 1.25],
			"scale": [0.8, 0.8, 0.8]
		},
		"thirdperson_lefthand": {
			"rotation": [0, 180, 0],
			"translation": [0, 0, 1.25],
			"scale": [0.8, 0.8, 0.8]
		},
		"firstperson_righthand": {
			"rotation": [-6, -180, 0],
			"translation": [1.25, -1.25, -0.25],
			"scale": [0.8, 0.8, 0.8]
		},
		"firstperson_lefthand": {
			"rotation": [-6, -180, 0],
			"translation": [1.25, -1.25, -0.25],
			"scale": [0.8, 0.8, 0.8]
		},
		"ground": {
			"rotation": [0, 180, 58],
			"translation": [0, 9.5, 0]
		},
		"gui": {
			"rotation": [0, 0, 45],
			"translation": [-1, 1, 0],
			"scale": [0.5, 0.5, 0.5]
		},
		"head": {
			"rotation": [0, 180, 0]
		},
		"fixed": {
			"rotation": [0, 180, 57],
			"translation": [2.25, 1.5, -2.75]
		}
	},
	"groups": [
		{
			"name": "The_Kings_Staff",
			"origin": [0, 0, 0],
			"color": 0,
			"nbt": "{}",
			"children": [
				0,
				1,
				2,
				3,
				4,
				{
					"name": "brewing_stand",
					"origin": [8, 8, 8],
					"color": 0,
					"nbt": "{}",
					"children": [5, 6, 7, 8, 9, 10, 11]
				}
			]
		}
	]
}