{
	"credit": "Made with Blockbench",
	"texture_size": [32, 32],
	"textures": {
		"0": "item/stick/lectern_book",
		"1": "item/stick/thekingsstaff",
		"3": "item/stick/enchanting_table_bottom",
		"4": "item/stick/enchanting_table_side",
		"5": "item/stick/enchanting_table_top",
		"particle": "item/stick/command_block"
	},
	"elements": [
		{
			"name": "Staff_Part_1",
			"from": [7, -16, 7],
			"to": [9, 16, 9],
			"faces": {
				"north": {"uv": [0, 0, 1, 16], "texture": "#1"},
				"east": {"uv": [1, 0, 2, 16], "texture": "#1"},
				"south": {"uv": [2, 0, 3, 16], "texture": "#1"},
				"west": {"uv": [3, 0, 4, 16], "texture": "#1"},
				"up": {"uv": [12, 8, 11, 7], "texture": "#1"},
				"down": {"uv": [12, 8, 11, 9], "texture": "#1"}
			}
		},
		{
			"name": "Staff_Part_2",
			"from": [7, 16, 3],
			"to": [9, 17, 9],
			"faces": {
				"north": {"uv": [12, 1, 13, 1.5], "texture": "#1"},
				"east": {"uv": [11, 0, 14, 0.5], "texture": "#1"},
				"south": {"uv": [12, 1.5, 13, 2], "texture": "#1"},
				"west": {"uv": [11, 0.5, 14, 1], "texture": "#1"},
				"up": {"uv": [7, 13.5, 6, 10.5], "texture": "#1"},
				"down": {"uv": [8, 10.5, 7, 13.5], "texture": "#1"}
			}
		},
		{
			"name": "Staff_Part_3",
			"from": [7, 17, 3],
			"to": [9, 24, 4],
			"faces": {
				"north": {"uv": [4, 10.5, 5, 14], "texture": "#1"},
				"east": {"uv": [10, 10.5, 10.5, 14], "texture": "#1"},
				"south": {"uv": [5, 10.5, 6, 14], "texture": "#1"},
				"west": {"uv": [10.5, 10.5, 11, 14], "texture": "#1"},
				"up": {"uv": [13, 2.5, 12, 2], "texture": "#1"},
				"down": {"uv": [13, 2.5, 12, 3], "texture": "#1"}
			}
		},
		{
			"name": "Staff_Part_4",
			"from": [7, 24, 3],
			"to": [9, 25, 7],
			"rotation": {"angle": 0, "axis": "x", "origin": [8, 20.5, 8.5]},
			"faces": {
				"north": {"uv": [12, 3, 13, 3.5], "texture": "#1"},
				"east": {"uv": [11, 9, 13, 9.5], "texture": "#1"},
				"south": {"uv": [12, 3.5, 13, 4], "texture": "#1"},
				"west": {"uv": [11, 9.5, 13, 10], "texture": "#1"},
				"up": {"uv": [9, 12.5, 8, 10.5], "texture": "#1"},
				"down": {"uv": [10, 10.5, 9, 12.5], "texture": "#1"}
			}
		},
		{
			"name": "Staff_Tip",
			"from": [7, 24, 7],
			"to": [9, 27, 9],
			"rotation": {"angle": 0, "axis": "x", "origin": [8, 20.5, 8.5]},
			"faces": {
				"north": {"uv": [11, 1, 12, 2.5], "texture": "#1"},
				"east": {"uv": [11, 2.5, 12, 4], "texture": "#1"},
				"south": {"uv": [11, 4, 12, 5.5], "texture": "#1"},
				"west": {"uv": [11, 5.5, 12, 7], "texture": "#1"},
				"up": {"uv": [12, 11, 11, 10], "texture": "#1"},
				"down": {"uv": [12, 11, 11, 12], "texture": "#1"}
			}
		},
		{
			"name": "Command_Block",
			"from": [4.5, 17, 4],
			"to": [11.5, 21.5, 11],
			"faces": {
				"north": {"uv": [0, 4, 16, 16], "texture": "#4"},
				"east": {"uv": [0, 4, 16, 16], "texture": "#4"},
				"south": {"uv": [0, 4, 16, 16], "texture": "#4"},
				"west": {"uv": [0, 4, 16, 16], "texture": "#4"},
				"up": {"uv": [16, 0, 0, 16], "texture": "#5"},
				"down": {"uv": [16, 16, 0, 0], "texture": "#3"}
			}
		},
		{
			"name": "cover_left_rotation",
			"from": [8.3, 21.5, 8],
			"to": [10.3, 24.5, 8],
			"rotation": {"angle": 22.5, "axis": "x", "origin": [8.1, 22.4, 7.685]},
			"faces": {
				"north": {"uv": [0, 1.5, 1, 3], "texture": "#0"},
				"east": {"uv": [0, 0, 0, 1.5], "texture": "#0"},
				"south": {"uv": [1, 1.5, 2, 3], "texture": "#0"},
				"west": {"uv": [0, 0, 0, 1.5], "texture": "#0"},
				"up": {"uv": [1, 0, 0, 0], "texture": "#0"},
				"down": {"uv": [1, 0, 0, 0], "texture": "#0"}
			}
		},
		{
			"name": "cover_right_rotation",
			"from": [5.9, 21.5, 8],
			"to": [7.9, 24.5, 8],
			"rotation": {"angle": 22.5, "axis": "x", "origin": [8.1, 22.4, 7.685]},
			"faces": {
				"north": {"uv": [2, 0, 3, 1.5], "texture": "#0"},
				"east": {"uv": [0, 0, 0, 1.5], "texture": "#0"},
				"south": {"uv": [2, 1.5, 3, 3], "texture": "#0"},
				"west": {"uv": [0, 0, 0, 1.5], "texture": "#0"},
				"up": {"uv": [1, 0, 0, 0], "texture": "#0"},
				"down": {"uv": [1, 0, 0, 0], "texture": "#0"}
			}
		},
		{
			"name": "spine_rotation",
			"from": [7.7, 21.5, 8],
			"to": [8.7, 24.5, 8],
			"rotation": {"angle": 22.5, "axis": "x", "origin": [8.1, 22.4, 7.685]},
			"faces": {
				"north": {"uv": [4, 1.5, 4.5, 3], "texture": "#0"},
				"east": {"uv": [0, 0, 0, 1.5], "texture": "#0"},
				"south": {"uv": [2, 4, 2.5, 5.5], "texture": "#0"},
				"west": {"uv": [0, 0, 0, 1.5], "texture": "#0"},
				"up": {"uv": [0.5, 0, 0, 0], "texture": "#0"},
				"down": {"uv": [0.5, 0, 0, 0], "texture": "#0"}
			}
		},
		{
			"name": "page_left_rotation",
			"from": [8, 21.8, 7.67],
			"to": [10, 23.8, 7.67],
			"rotation": {"angle": 22.5, "axis": "x", "origin": [8.1, 22.4, 7.685]},
			"faces": {
				"north": {"uv": [0, 3, 1, 4], "texture": "#0"},
				"east": {"uv": [0, 0, 0, 1], "texture": "#0"},
				"south": {"uv": [3, 0, 4, 1], "texture": "#0"},
				"west": {"uv": [0, 0, 0, 1], "texture": "#0"},
				"up": {"uv": [1, 0, 0, 0], "texture": "#0"},
				"down": {"uv": [1, 0, 0, 0], "texture": "#0"}
			}
		},
		{
			"name": "page_right_rotation",
			"from": [6.5, 21.8, 7.67],
			"to": [8.5, 23.8, 7.67],
			"rotation": {"angle": 22.5, "axis": "x", "origin": [8.1, 22.4, 7.685]},
			"faces": {
				"north": {"uv": [1, 3, 2, 4], "texture": "#0"},
				"east": {"uv": [0, 0, 0, 1], "texture": "#0"},
				"south": {"uv": [3, 1, 4, 2], "texture": "#0"},
				"west": {"uv": [0, 0, 0, 1], "texture": "#0"},
				"up": {"uv": [1, 0, 0, 0], "texture": "#0"},
				"down": {"uv": [1, 0, 0, 0], "texture": "#0"}
			}
		},
		{
			"name": "flip_left_rotation",
			"from": [8, 21.8, 7.37],
			"to": [10, 23.8, 7.37],
			"rotation": {"angle": 22.5, "axis": "x", "origin": [8.1, 22.4, 7.685]},
			"faces": {
				"north": {"uv": [2, 3, 3, 4], "texture": "#0"},
				"east": {"uv": [0, 0, 0, 1], "texture": "#0"},
				"south": {"uv": [3, 2, 4, 3], "texture": "#0"},
				"west": {"uv": [0, 0, 0, 1], "texture": "#0"},
				"up": {"uv": [1, 0, 0, 0], "texture": "#0"},
				"down": {"uv": [1, 0, 0, 0], "texture": "#0"}
			}
		},
		{
			"name": "flip_right_rotation",
			"from": [6.5, 21.8, 7.37],
			"to": [8.5, 23.8, 7.37],
			"rotation": {"angle": 22.5, "axis": "x", "origin": [8.1, 22.4, 7.685]},
			"faces": {
				"north": {"uv": [3, 3, 4, 4], "texture": "#0"},
				"east": {"uv": [0, 0, 0, 1], "texture": "#0"},
				"south": {"uv": [0, 4, 1, 5], "texture": "#0"},
				"west": {"uv": [0, 0, 0, 1], "texture": "#0"},
				"up": {"uv": [1, 0, 0, 0], "texture": "#0"},
				"down": {"uv": [1, 0, 0, 0], "texture": "#0"}
			}
		}
	],
	"display": {
		"thirdperson_righthand": {
			"rotation": [0, 180, 0],
			"translation": [0, 0, 1.25],
			"scale": [0.8, 0.8, 0.8]
		},
		"thirdperson_lefthand": {
			"rotation": [0, 180, 0],
			"translation": [0, 0, 1.25],
			"scale": [0.8, 0.8, 0.8]
		},
		"firstperson_righthand": {
			"rotation": [-6, -180, 0],
			"translation": [1.25, -1.25, -0.25],
			"scale": [0.8, 0.8, 0.8]
		},
		"firstperson_lefthand": {
			"rotation": [-6, -180, 0],
			"translation": [1.25, -1.25, -0.25],
			"scale": [0.8, 0.8, 0.8]
		},
		"ground": {
			"rotation": [0, 180, 58],
			"translation": [0, 9.5, 0]
		},
		"gui": {
			"rotation": [0, 0, 45],
			"translation": [-1, 1, 0],
			"scale": [0.5, 0.5, 0.5]
		},
		"head": {
			"rotation": [0, 180, 0]
		},
		"fixed": {
			"rotation": [0, 180, 57],
			"translation": [2.25, 1.5, -2.75]
		}
	},
	"groups": [
		{
			"name": "The_Kings_Staff",
			"origin": [0, 0, 0],
			"color": 0,
			"children": [0, 1, 2, 3, 4, 5]
		},
		{
			"name": "cover_left",
			"origin": [7, 5, 0],
			"color": 0,
			"children": [
				{
					"name": "cover_left_rotation",
					"origin": [4, 5, 0],
					"rotation": [0, 0, -180],
					"color": 0,
					"children": []
				}
			]
		},
		{
			"name": "cover_right",
			"origin": [-7, 5, 0],
			"color": 0,
			"children": [
				{
					"name": "cover_right_rotation",
					"origin": [-4, 5, 0],
					"rotation": [0, 0, -180],
					"color": 0,
					"children": []
				}
			]
		},
		{
			"name": "book_spine",
			"origin": [0, 5, 0],
			"color": 0,
			"children": [
				{
					"name": "spine_rotation",
					"origin": [0, 5, 0],
					"rotation": [-180, 0, 0],
					"color": 0,
					"children": []
				}
			]
		},
		{
			"name": "pages_left",
			"origin": [5, 5, -1.075],
			"color": 0,
			"children": [
				{
					"name": "page_left_rotation",
					"origin": [2.5, 5, -0.6],
					"rotation": [0, 0, -180],
					"color": 0,
					"children": []
				}
			]
		},
		{
			"name": "pages_right",
			"origin": [0, 5, -0.125],
			"color": 0,
			"children": [
				{
					"name": "page_right_rotation",
					"origin": [-2.5, 5, -0.6],
					"rotation": [0, -180, -180],
					"color": 0,
					"children": []
				}
			]
		},
		{
			"name": "flipping_page_left",
			"origin": [5, 5, -2.075],
			"color": 0,
			"children": [
				{
					"name": "flip_left_rotation",
					"origin": [2.5, 5, -2.1],
					"rotation": [0, 0, -180],
					"color": 0,
					"children": []
				}
			]
		},
		{
			"name": "flipping_page_right",
			"origin": [0, 5, -2.125],
			"color": 0,
			"children": [
				{
					"name": "flip_right_rotation",
					"origin": [-2.5, 5, -2.1],
					"rotation": [0, -180, -180],
					"color": 0,
					"children": [
						{
							"name": "bone",
							"origin": [0, 0, 0],
							"color": 0,
							"children": [6, 7, 8, 9, 10, 11, 12]
						}
					]
				}
			]
		}
	]
}