{
	"credit": "Made with Blockbench",
	"texture_size": [32, 32],
	"textures": {
		"1": "item/stick/thekingsstaff",
		"pivot": "item/stick/grindstone_pivot",
		"round": "item/stick/grindstone_round",
		"particle": "item/stick/grindstone_side",
		"side": "item/stick/grindstone_side",
		"leg": "item/stick/dark_oak_log"
	},
	"elements": [
		{
			"name": "Staff_Part_1",
			"from": [7, -16, 7],
			"to": [9, 16, 9],
			"faces": {
				"north": {"uv": [0, 0, 1, 16], "texture": "#1"},
				"east": {"uv": [1, 0, 2, 16], "texture": "#1"},
				"south": {"uv": [2, 0, 3, 16], "texture": "#1"},
				"west": {"uv": [3, 0, 4, 16], "texture": "#1"},
				"up": {"uv": [12, 8, 11, 7], "texture": "#1"},
				"down": {"uv": [12, 8, 11, 9], "texture": "#1"}
			}
		},
		{
			"name": "Staff_Part_2",
			"from": [7, 16, 3],
			"to": [9, 17, 9],
			"faces": {
				"north": {"uv": [12, 1, 13, 1.5], "texture": "#1"},
				"east": {"uv": [11, 0, 14, 0.5], "texture": "#1"},
				"south": {"uv": [12, 1.5, 13, 2], "texture": "#1"},
				"west": {"uv": [11, 0.5, 14, 1], "texture": "#1"},
				"up": {"uv": [7, 13.5, 6, 10.5], "texture": "#1"},
				"down": {"uv": [8, 10.5, 7, 13.5], "texture": "#1"}
			}
		},
		{
			"name": "Staff_Part_3",
			"from": [7, 17, 3],
			"to": [9, 24, 4],
			"faces": {
				"north": {"uv": [4, 10.5, 5, 14], "texture": "#1"},
				"east": {"uv": [10, 10.5, 10.5, 14], "texture": "#1"},
				"south": {"uv": [5, 10.5, 6, 14], "texture": "#1"},
				"west": {"uv": [10.5, 10.5, 11, 14], "texture": "#1"},
				"up": {"uv": [13, 2.5, 12, 2], "texture": "#1"},
				"down": {"uv": [13, 2.5, 12, 3], "texture": "#1"}
			}
		},
		{
			"name": "Staff_Part_4",
			"from": [7, 24, 3],
			"to": [9, 25, 7],
			"rotation": {"angle": 0, "axis": "x", "origin": [8, 20.5, 8.5]},
			"faces": {
				"north": {"uv": [12, 3, 13, 3.5], "texture": "#1"},
				"east": {"uv": [11, 9, 13, 9.5], "texture": "#1"},
				"south": {"uv": [12, 3.5, 13, 4], "texture": "#1"},
				"west": {"uv": [11, 9.5, 13, 10], "texture": "#1"},
				"up": {"uv": [9, 12.5, 8, 10.5], "texture": "#1"},
				"down": {"uv": [10, 10.5, 9, 12.5], "texture": "#1"}
			}
		},
		{
			"name": "Staff_Tip",
			"from": [7, 24, 7],
			"to": [9, 27, 9],
			"rotation": {"angle": 0, "axis": "x", "origin": [8, 20.5, 8.5]},
			"faces": {
				"north": {"uv": [11, 1, 12, 2.5], "texture": "#1"},
				"east": {"uv": [11, 2.5, 12, 4], "texture": "#1"},
				"south": {"uv": [11, 4, 12, 5.5], "texture": "#1"},
				"west": {"uv": [11, 5.5, 12, 7], "texture": "#1"},
				"up": {"uv": [12, 11, 11, 10], "texture": "#1"},
				"down": {"uv": [12, 11, 11, 12], "texture": "#1"}
			}
		},
		{
			"from": [6.35, 18.55, 5.1],
			"to": [9.55, 23.35, 9.9],
			"rotation": {"angle": 0, "axis": "x", "origin": [7.95, 19.7, 7.95]},
			"faces": {
				"north": {"uv": [0, 0, 8, 12], "rotation": 180, "texture": "#round"},
				"east": {"uv": [0, 0, 12, 12], "rotation": 270, "texture": "#side"},
				"south": {"uv": [0, 0, 8, 12], "texture": "#round", "cullface": "up"},
				"west": {"uv": [0, 0, 12, 12], "rotation": 90, "texture": "#side"},
				"up": {"uv": [0, 0, 8, 12], "rotation": 180, "texture": "#round"},
				"down": {"uv": [0, 0, 8, 12], "texture": "#round"}
			}
		},
		{
			"from": [5.55, 19.75, 6.3],
			"to": [6.35, 22.15, 8.7],
			"rotation": {"angle": 0, "axis": "x", "origin": [7.95, 19.7, 7.95]},
			"faces": {
				"north": {"uv": [8, 0, 10, 6], "rotation": 180, "texture": "#pivot"},
				"south": {"uv": [8, 0, 10, 6], "texture": "#pivot"},
				"west": {"uv": [0, 0, 6, 6], "rotation": 90, "texture": "#pivot"},
				"up": {"uv": [6, 0, 8, 6], "rotation": 180, "texture": "#pivot"},
				"down": {"uv": [6, 0, 8, 6], "texture": "#pivot"}
			}
		},
		{
			"from": [6.3, 20.15, 3.5],
			"to": [7.1, 21.75, 6.3],
			"rotation": {"angle": 0, "axis": "x", "origin": [7.95, 19.7, 7.95]},
			"faces": {
				"north": {"uv": [2, 6, 4, 10], "rotation": 180, "texture": "#leg", "cullface": "down"},
				"east": {"uv": [10, 16, 6, 9], "rotation": 270, "texture": "#leg"},
				"west": {"uv": [6, 9, 10, 16], "rotation": 90, "texture": "#leg"},
				"up": {"uv": [12, 9, 14, 16], "rotation": 180, "texture": "#leg"},
				"down": {"uv": [2, 9, 4, 16], "texture": "#leg"}
			}
		},
		{
			"from": [9.55, 19.75, 6.3],
			"to": [10.35, 22.15, 8.7],
			"rotation": {"angle": 0, "axis": "x", "origin": [7.95, 19.7, 7.95]},
			"faces": {
				"north": {"uv": [8, 0, 10, 6], "rotation": 180, "texture": "#pivot"},
				"east": {"uv": [0, 0, 6, 6], "rotation": 270, "texture": "#pivot"},
				"south": {"uv": [8, 0, 10, 6], "texture": "#pivot"},
				"up": {"uv": [6, 0, 8, 6], "rotation": 180, "texture": "#pivot"},
				"down": {"uv": [6, 0, 8, 6], "texture": "#pivot"}
			}
		},
		{
			"from": [8.8, 20.15, 3.5],
			"to": [9.6, 21.75, 6.3],
			"rotation": {"angle": 0, "axis": "x", "origin": [7.95, 19.7, 7.95]},
			"faces": {
				"north": {"uv": [12, 6, 14, 10], "rotation": 180, "texture": "#leg", "cullface": "down"},
				"east": {"uv": [10, 16, 6, 9], "rotation": 270, "texture": "#leg"},
				"west": {"uv": [6, 9, 10, 16], "rotation": 90, "texture": "#leg"},
				"up": {"uv": [2, 9, 4, 16], "rotation": 180, "texture": "#leg"},
				"down": {"uv": [12, 9, 14, 16], "texture": "#leg"}
			}
		}
	],
	"display": {
		"thirdperson_righthand": {
			"rotation": [0, 180, 0],
			"translation": [0, 0, 1.25],
			"scale": [0.8, 0.8, 0.8]
		},
		"thirdperson_lefthand": {
			"rotation": [0, 180, 0],
			"translation": [0, 0, 1.25],
			"scale": [0.8, 0.8, 0.8]
		},
		"firstperson_righthand": {
			"rotation": [-6, -180, 0],
			"translation": [1.25, -1.25, -0.25],
			"scale": [0.8, 0.8, 0.8]
		},
		"firstperson_lefthand": {
			"rotation": [-6, -180, 0],
			"translation": [1.25, -1.25, -0.25],
			"scale": [0.8, 0.8, 0.8]
		},
		"ground": {
			"rotation": [0, 180, 58],
			"translation": [0, 9.5, 0]
		},
		"gui": {
			"rotation": [0, 0, 45],
			"translation": [-1, 1, 0],
			"scale": [0.5, 0.5, 0.5]
		},
		"head": {
			"rotation": [0, 180, 0]
		},
		"fixed": {
			"rotation": [0, 180, 57],
			"translation": [2.25, 1.5, -2.75]
		}
	},
	"groups": [
		{
			"name": "The_Kings_Staff",
			"origin": [0, 0, 0],
			"color": 0,
			"children": [0, 1, 2, 3, 4]
		},
		{
			"name": "group",
			"origin": [0, 0, 0],
			"color": 0,
			"children": [5, 6, 7, 8, 9]
		}
	]
}