{
	"credit": "Made with Blockbench",
	"textures": {
		"1": "item/stick/thekingsstaff",
		"3": "item/stick/dirt",
		"4": "item/stick/grass_block_side",
		"5": "item/stick/grass_block_top",
		"6": "item/stick/minecraft",
		"particle": "item/stick/minecraft"
	},
	"elements": [
		{
			"name": "Staff_Part_1",
			"from": [7, -16, 7],
			"to": [9, 16, 9],
			"faces": {
				"north": {"uv": [0, 0, 1, 16], "texture": "#1"},
				"east": {"uv": [1, 0, 2, 16], "texture": "#1"},
				"south": {"uv": [2, 0, 3, 16], "texture": "#1"},
				"west": {"uv": [3, 0, 4, 16], "texture": "#1"},
				"up": {"uv": [12, 8, 11, 7], "texture": "#1"},
				"down": {"uv": [12, 8, 11, 9], "texture": "#1"}
			}
		},
		{
			"name": "Staff_Part_2",
			"from": [7, 16, 3],
			"to": [9, 17, 9],
			"faces": {
				"north": {"uv": [12, 1, 13, 1.5], "texture": "#1"},
				"east": {"uv": [11, 0, 14, 0.5], "texture": "#1"},
				"south": {"uv": [12, 1.5, 13, 2], "texture": "#1"},
				"west": {"uv": [11, 0.5, 14, 1], "texture": "#1"},
				"up": {"uv": [7, 13.5, 6, 10.5], "texture": "#1"},
				"down": {"uv": [8, 10.5, 7, 13.5], "texture": "#1"}
			}
		},
		{
			"name": "Staff_Part_3",
			"from": [7, 17, 3],
			"to": [9, 24, 4],
			"faces": {
				"north": {"uv": [4, 10.5, 5, 14], "texture": "#1"},
				"east": {"uv": [10, 10.5, 10.5, 14], "texture": "#1"},
				"south": {"uv": [5, 10.5, 6, 14], "texture": "#1"},
				"west": {"uv": [10.5, 10.5, 11, 14], "texture": "#1"},
				"up": {"uv": [13, 2.5, 12, 2], "texture": "#1"},
				"down": {"uv": [13, 2.5, 12, 3], "texture": "#1"}
			}
		},
		{
			"name": "Staff_Part_4",
			"from": [7, 24, 3],
			"to": [9, 25, 7],
			"rotation": {"angle": 0, "axis": "x", "origin": [8, 20.5, 8.5]},
			"faces": {
				"north": {"uv": [12, 3, 13, 3.5], "texture": "#1"},
				"east": {"uv": [11, 9, 13, 9.5], "texture": "#1"},
				"south": {"uv": [12, 3.5, 13, 4], "texture": "#1"},
				"west": {"uv": [11, 9.5, 13, 10], "texture": "#1"},
				"up": {"uv": [9, 12.5, 8, 10.5], "texture": "#1"},
				"down": {"uv": [10, 10.5, 9, 12.5], "texture": "#1"}
			}
		},
		{
			"name": "Staff_Tip",
			"from": [7, 24, 7],
			"to": [9, 27, 9],
			"rotation": {"angle": 0, "axis": "x", "origin": [8, 20.5, 8.5]},
			"faces": {
				"north": {"uv": [11, 1, 12, 2.5], "texture": "#1"},
				"east": {"uv": [11, 2.5, 12, 4], "texture": "#1"},
				"south": {"uv": [11, 4, 12, 5.5], "texture": "#1"},
				"west": {"uv": [11, 5.5, 12, 7], "texture": "#1"},
				"up": {"uv": [12, 11, 11, 10], "texture": "#1"},
				"down": {"uv": [12, 11, 11, 12], "texture": "#1"}
			}
		},
		{
			"name": "Head",
			"from": [4.5, 17, 4],
			"to": [11.5, 24, 11],
			"rotation": {"angle": 0, "axis": "y", "origin": [1, -17, 6]},
			"faces": {
				"north": {"uv": [0, 0, 16, 16], "texture": "#4"},
				"east": {"uv": [0, 0, 16, 16], "texture": "#4"},
				"south": {"uv": [0, 0, 16, 16], "texture": "#4"},
				"west": {"uv": [0, 0, 16, 16], "texture": "#4"},
				"up": {"uv": [16, 16, 0, 0], "texture": "#5"},
				"down": {"uv": [16, 0, 0, 16], "texture": "#3"}
			}
		},
		{
			"name": "Head",
			"from": [11.75, 16.5, 3.74],
			"to": [11.75, 24.5, 11.255],
			"rotation": {"angle": 0, "axis": "y", "origin": [1, -17, 6]},
			"faces": {
				"north": {"uv": [9.25, 3.58333, 11.25, 5.58333], "texture": "#6"},
				"east": {"uv": [14.75, 0, 16, 2], "texture": "#6"},
				"south": {"uv": [8.91667, 3.375, 10.91667, 5.375], "texture": "#6"},
				"west": {"uv": [0, 0, 7.515, 8], "texture": "#6"},
				"up": {"uv": [10.91667, 4.58333, 8.91667, 3.33333], "texture": "#6"},
				"down": {"uv": [10.91667, 3.33333, 8.91667, 4.58333], "texture": "#6"}
			}
		},
		{
			"name": "Head",
			"from": [4.24, 16.5, 3.74],
			"to": [4.24, 24.5, 11.24],
			"rotation": {"angle": 0, "axis": "y", "origin": [1, -17, 6]},
			"faces": {
				"north": {"uv": [14, 0, 16, 2], "texture": "#6"},
				"east": {"uv": [0, 0, 7.5, 8], "texture": "#6"},
				"south": {"uv": [14, 0, 16, 2], "texture": "#6"},
				"west": {"uv": [8.5, 0, 16, 8], "texture": "#6"},
				"up": {"uv": [16, 1.25, 14, 0], "texture": "#6"},
				"down": {"uv": [16, 0, 14, 1.25], "texture": "#6"}
			}
		},
		{
			"name": "Head",
			"from": [4.24, 24.5, 3.74],
			"to": [11.74, 24.5, 11.24],
			"rotation": {"angle": 0, "axis": "z", "origin": [4.24, 20.5, 7.49]},
			"faces": {
				"north": {"uv": [9.25, 3.58333, 11.25, 5.58333], "rotation": 270, "texture": "#6"},
				"east": {"uv": [10.91667, 4.58333, 8.91667, 3.33333], "rotation": 90, "texture": "#6"},
				"south": {"uv": [8.91667, 3.375, 10.91667, 5.375], "rotation": 90, "texture": "#6"},
				"west": {"uv": [16, 0, 16, 7.5], "rotation": 90, "texture": "#6"},
				"up": {"uv": [14.75, 0, 16, 2], "rotation": 90, "texture": "#6"},
				"down": {"uv": [0, 0, 7.5, 8], "rotation": 90, "texture": "#6"}
			}
		},
		{
			"name": "Head",
			"from": [4.24, 16.5, 3.74],
			"to": [11.74, 16.5, 11.24],
			"rotation": {"angle": 0, "axis": "y", "origin": [4.24, 20.5, 7.49]},
			"faces": {
				"north": {"uv": [9.25, 3.58333, 11.25, 5.58333], "rotation": 270, "texture": "#6"},
				"east": {"uv": [16, 1.25, 14, 0], "rotation": 90, "texture": "#6"},
				"south": {"uv": [8.91667, 3.375, 10.91667, 5.375], "rotation": 90, "texture": "#6"},
				"west": {"uv": [16, 0, 16, 7.5], "rotation": 90, "texture": "#6"},
				"up": {"uv": [0, 0, 7.5, 8], "rotation": 90, "texture": "#6"},
				"down": {"uv": [14.25, 0, 16, 2], "rotation": 90, "texture": "#6"}
			}
		},
		{
			"name": "Head",
			"from": [4.24, 16.5, 11.25],
			"to": [11.74, 24.5, 11.25],
			"rotation": {"angle": 0, "axis": "y", "origin": [4.24, 20.5, 7.5]},
			"faces": {
				"north": {"uv": [0, 0, 7.5, 8], "texture": "#6"},
				"east": {"uv": [0, 0, 0, 8], "texture": "#6"},
				"south": {"uv": [8.5, 8, 16, 16], "texture": "#6"},
				"west": {"uv": [16, 0, 16, 8], "texture": "#6"},
				"up": {"uv": [7.5, 0, 0, 0], "texture": "#6"},
				"down": {"uv": [7.5, 0, 0, 0], "texture": "#6"}
			}
		},
		{
			"name": "Head",
			"from": [4.24, 16.5, 3.74],
			"to": [11.74, 24.5, 3.74],
			"rotation": {"angle": 0, "axis": "y", "origin": [4.24, 20.5, 7.5]},
			"faces": {
				"north": {"uv": [12.25, 0, 16, 3.5], "texture": "#6"},
				"east": {"uv": [9.25, 3.58333, 11.25, 5.58333], "texture": "#6"},
				"south": {"uv": [0, 0, 7.5, 8], "texture": "#6"},
				"west": {"uv": [16, 0, 16, 8], "texture": "#6"},
				"up": {"uv": [10.91667, 4.58333, 8.91667, 3.33333], "rotation": 90, "texture": "#6"},
				"down": {"uv": [10.91667, 3.33333, 8.91667, 4.58333], "rotation": 270, "texture": "#6"}
			}
		}
	],
	"display": {
		"thirdperson_righthand": {
			"rotation": [0, 180, 0],
			"translation": [0, 0, 1.25],
			"scale": [0.8, 0.8, 0.8]
		},
		"thirdperson_lefthand": {
			"rotation": [0, 180, 0],
			"translation": [0, 0, 1.25],
			"scale": [0.8, 0.8, 0.8]
		},
		"firstperson_righthand": {
			"rotation": [-6, -180, 0],
			"translation": [1.25, -1.25, -0.25],
			"scale": [0.8, 0.8, 0.8]
		},
		"firstperson_lefthand": {
			"rotation": [-6, -180, 0],
			"translation": [1.25, -1.25, -0.25],
			"scale": [0.8, 0.8, 0.8]
		},
		"ground": {
			"rotation": [0, 180, 58],
			"translation": [0, 9.5, 0]
		},
		"gui": {
			"rotation": [0, 0, 45],
			"translation": [-1, 1, 0],
			"scale": [0.5, 0.5, 0.5]
		},
		"head": {
			"rotation": [0, 180, 0]
		},
		"fixed": {
			"rotation": [0, 180, 57],
			"translation": [2.25, 1.5, -2.75]
		}
	},
	"groups": [
		{
			"name": "The_Kings_Staff",
			"origin": [0, 0, 0],
			"color": 0,
			"nbt": "{}",
			"children": [0, 1, 2, 3, 4, 5, 6, 7, 8, 9, 10, 11]
		}
	]
}