{
	"format_version": "1.21.6",
	"credit": "Made with Blockbench",
	"textures": {
		"0": "./voidwalker",
		"particle": "./voidwalker"
	},
	"elements": [
		{
			"name": "demonlordsword_0",
			"from": [7.875, 12.25, 8],
			"to": [8, 12.875, 8.125],
			"faces": {
				"north": {"uv": [8, 3.125, 7.875, 3.75], "texture": "#0"},
				"east": {"uv": [7.875, 3.125, 8, 3.75], "texture": "#0"},
				"south": {"uv": [7.875, 3.125, 8, 3.75], "texture": "#0"},
				"west": {"uv": [7.875, 3.125, 8, 3.75], "texture": "#0"},
				"up": {"uv": [7.875, 3.125, 8, 3.25], "texture": "#0"},
				"down": {"uv": [7.875, 3.625, 8, 3.75], "texture": "#0"}
			}
		},
		{
			"name": "demonlordsword_1",
			"from": [7.75, 12, 8],
			"to": [7.875, 12.625, 8.125],
			"faces": {
				"north": {"uv": [7.875, 3.375, 7.75, 4], "texture": "#0"},
				"east": {"uv": [7.75, 3.375, 7.875, 4], "texture": "#0"},
				"south": {"uv": [7.75, 3.375, 7.875, 4], "texture": "#0"},
				"west": {"uv": [7.75, 3.375, 7.875, 4], "texture": "#0"},
				"up": {"uv": [7.75, 3.375, 7.875, 3.5], "texture": "#0"},
				"down": {"uv": [7.75, 3.875, 7.875, 4], "texture": "#0"}
			}
		},
		{
			"name": "demonlordsword_2",
			"from": [8, 12, 8],
			"to": [8.125, 12.625, 8.125],
			"faces": {
				"north": {"uv": [8.125, 3.375, 8, 4], "texture": "#0"},
				"east": {"uv": [8, 3.375, 8.125, 4], "texture": "#0"},
				"south": {"uv": [8, 3.375, 8.125, 4], "texture": "#0"},
				"west": {"uv": [8, 3.375, 8.125, 4], "texture": "#0"},
				"up": {"uv": [8, 3.375, 8.125, 3.5], "texture": "#0"},
				"down": {"uv": [8, 3.875, 8.125, 4], "texture": "#0"}
			}
		},
		{
			"name": "demonlordsword_3",
			"from": [7.625, 11.75, 8],
			"to": [7.75, 12.25, 8.125],
			"faces": {
				"north": {"uv": [7.75, 3.75, 7.625, 4.25], "texture": "#0"},
				"east": {"uv": [7.625, 3.75, 7.75, 4.25], "texture": "#0"},
				"south": {"uv": [7.625, 3.75, 7.75, 4.25], "texture": "#0"},
				"west": {"uv": [7.625, 3.75, 7.75, 4.25], "texture": "#0"},
				"up": {"uv": [7.625, 3.75, 7.75, 3.875], "texture": "#0"},
				"down": {"uv": [7.625, 4.125, 7.75, 4.25], "texture": "#0"}
			}
		},
		{
			"name": "demonlordsword_4",
			"from": [8.125, 11.875, 8],
			"to": [8.25, 12.25, 8.125],
			"faces": {
				"north": {"uv": [8.25, 3.75, 8.125, 4.125], "texture": "#0"},
				"east": {"uv": [8.125, 3.75, 8.25, 4.125], "texture": "#0"},
				"south": {"uv": [8.125, 3.75, 8.25, 4.125], "texture": "#0"},
				"west": {"uv": [8.125, 3.75, 8.25, 4.125], "texture": "#0"},
				"up": {"uv": [8.125, 3.75, 8.25, 3.875], "texture": "#0"},
				"down": {"uv": [8.125, 4, 8.25, 4.125], "texture": "#0"}
			}
		},
		{
			"name": "demonlordsword_5",
			"from": [7.875, 7.25, 7.95],
			"to": [8, 12.25, 8.175],
			"faces": {
				"north": {"uv": [9.25, 3.75, 9.125, 8.75], "texture": "#0"},
				"east": {"uv": [9.125, 3.75, 9.25, 8.75], "texture": "#0"},
				"south": {"uv": [9.125, 3.75, 9.25, 8.75], "texture": "#0"},
				"west": {"uv": [9.125, 3.75, 9.25, 8.75], "texture": "#0"},
				"up": {"uv": [9.125, 3.75, 9.25, 3.875], "texture": "#0"},
				"down": {"uv": [9.125, 8.625, 9.25, 8.75], "texture": "#0"}
			}
		},
		{
			"name": "demonlordsword_6",
			"from": [7.75, 7.125, 7.95],
			"to": [7.875, 12, 8.175],
			"faces": {
				"north": {"uv": [9.125, 4, 9, 8.875], "texture": "#0"},
				"east": {"uv": [9, 4, 9.125, 8.875], "texture": "#0"},
				"south": {"uv": [9, 4, 9.125, 8.875], "texture": "#0"},
				"west": {"uv": [9, 4, 9.125, 8.875], "texture": "#0"},
				"up": {"uv": [9, 4, 9.125, 4.125], "texture": "#0"},
				"down": {"uv": [9, 8.75, 9.125, 8.875], "texture": "#0"}
			}
		},
		{
			"name": "demonlordsword_7",
			"from": [8, 7.125, 7.95],
			"to": [8.125, 12, 8.175],
			"faces": {
				"north": {"uv": [9.375, 4, 9.25, 8.875], "texture": "#0"},
				"east": {"uv": [9.25, 4, 9.375, 8.875], "texture": "#0"},
				"south": {"uv": [9.25, 4, 9.375, 8.875], "texture": "#0"},
				"west": {"uv": [9.25, 4, 9.375, 8.875], "texture": "#0"},
				"up": {"uv": [9.25, 4, 9.375, 4.125], "texture": "#0"},
				"down": {"uv": [9.25, 8.75, 9.375, 8.875], "texture": "#0"}
			}
		},
		{
			"name": "demonlordsword_8",
			"from": [7.5, 10.625, 8],
			"to": [7.625, 11.875, 8.125],
			"faces": {
				"north": {"uv": [7.625, 4.125, 7.5, 5.375], "texture": "#0"},
				"east": {"uv": [7.5, 4.125, 7.625, 5.375], "texture": "#0"},
				"south": {"uv": [7.5, 4.125, 7.625, 5.375], "texture": "#0"},
				"west": {"uv": [7.5, 4.125, 7.625, 5.375], "texture": "#0"},
				"up": {"uv": [7.5, 4.125, 7.625, 4.25], "texture": "#0"},
				"down": {"uv": [7.5, 5.25, 7.625, 5.375], "texture": "#0"}
			}
		},
		{
			"name": "demonlordsword_9",
			"from": [8.25, 10.625, 8],
			"to": [8.375, 11.875, 8.125],
			"faces": {
				"north": {"uv": [8.375, 4.125, 8.25, 5.375], "texture": "#0"},
				"east": {"uv": [8.25, 4.125, 8.375, 5.375], "texture": "#0"},
				"south": {"uv": [8.25, 4.125, 8.375, 5.375], "texture": "#0"},
				"west": {"uv": [8.25, 4.125, 8.375, 5.375], "texture": "#0"},
				"up": {"uv": [8.25, 4.125, 8.375, 4.25], "texture": "#0"},
				"down": {"uv": [8.25, 5.25, 8.375, 5.375], "texture": "#0"}
			}
		},
		{
			"name": "demonlordsword_10",
			"from": [8.125, 10.875, 7.95],
			"to": [8.25, 11.875, 8.175],
			"faces": {
				"north": {"uv": [9.5, 4.125, 9.375, 5.125], "texture": "#0"},
				"east": {"uv": [9.375, 4.125, 9.5, 5.125], "texture": "#0"},
				"south": {"uv": [9.375, 4.125, 9.5, 5.125], "texture": "#0"},
				"west": {"uv": [9.375, 4.125, 9.5, 5.125], "texture": "#0"},
				"up": {"uv": [9.375, 4.125, 9.5, 4.25], "texture": "#0"},
				"down": {"uv": [9.375, 5, 9.5, 5.125], "texture": "#0"}
			}
		},
		{
			"name": "demonlordsword_11",
			"from": [7.625, 10.875, 7.95],
			"to": [7.75, 11.75, 8.175],
			"faces": {
				"north": {"uv": [9, 4.25, 8.875, 5.125], "texture": "#0"},
				"east": {"uv": [8.875, 4.25, 9, 5.125], "texture": "#0"},
				"south": {"uv": [8.875, 4.25, 9, 5.125], "texture": "#0"},
				"west": {"uv": [8.875, 4.25, 9, 5.125], "texture": "#0"},
				"up": {"uv": [8.875, 4.25, 9, 4.375], "texture": "#0"},
				"down": {"uv": [8.875, 5, 9, 5.125], "texture": "#0"}
			}
		},
		{
			"name": "demonlordsword_12",
			"from": [7.625, 7.5, 8],
			"to": [7.75, 10.875, 8.125],
			"faces": {
				"north": {"uv": [7.75, 5.125, 7.625, 8.5], "texture": "#0"},
				"east": {"uv": [7.625, 5.125, 7.75, 8.5], "texture": "#0"},
				"south": {"uv": [7.625, 5.125, 7.75, 8.5], "texture": "#0"},
				"west": {"uv": [7.625, 5.125, 7.75, 8.5], "texture": "#0"},
				"up": {"uv": [7.625, 5.125, 7.75, 5.25], "texture": "#0"},
				"down": {"uv": [7.625, 8.375, 7.75, 8.5], "texture": "#0"}
			}
		},
		{
			"name": "demonlordsword_13",
			"from": [8.125, 7.5, 8],
			"to": [8.25, 10.875, 8.125],
			"faces": {
				"north": {"uv": [8.25, 5.125, 8.125, 8.5], "texture": "#0"},
				"east": {"uv": [8.125, 5.125, 8.25, 8.5], "texture": "#0"},
				"south": {"uv": [8.125, 5.125, 8.25, 8.5], "texture": "#0"},
				"west": {"uv": [8.125, 5.125, 8.25, 8.5], "texture": "#0"},
				"up": {"uv": [8.125, 5.125, 8.25, 5.25], "texture": "#0"},
				"down": {"uv": [8.125, 8.375, 8.25, 8.5], "texture": "#0"}
			}
		},
		{
			"name": "demonlordsword_14",
			"from": [7.5, 6.875, 8],
			"to": [7.625, 8, 8.125],
			"faces": {
				"north": {"uv": [7.625, 8, 7.5, 9.125], "texture": "#0"},
				"east": {"uv": [7.5, 8, 7.625, 9.125], "texture": "#0"},
				"south": {"uv": [7.5, 8, 7.625, 9.125], "texture": "#0"},
				"west": {"uv": [7.5, 8, 7.625, 9.125], "texture": "#0"},
				"up": {"uv": [7.5, 8, 7.625, 8.125], "texture": "#0"},
				"down": {"uv": [7.5, 9, 7.625, 9.125], "texture": "#0"}
			}
		},
		{
			"name": "demonlordsword_15",
			"from": [8.25, 6.875, 8],
			"to": [8.375, 8, 8.125],
			"faces": {
				"north": {"uv": [8.375, 8, 8.25, 9.125], "texture": "#0"},
				"east": {"uv": [8.25, 8, 8.375, 9.125], "texture": "#0"},
				"south": {"uv": [8.25, 8, 8.375, 9.125], "texture": "#0"},
				"west": {"uv": [8.25, 8, 8.375, 9.125], "texture": "#0"},
				"up": {"uv": [8.25, 8, 8.375, 8.125], "texture": "#0"},
				"down": {"uv": [8.25, 9, 8.375, 9.125], "texture": "#0"}
			}
		},
		{
			"name": "demonlordsword_16",
			"from": [7.375, 7, 8],
			"to": [7.5, 7.5, 8.125],
			"faces": {
				"north": {"uv": [7.5, 8.5, 7.375, 9], "texture": "#0"},
				"east": {"uv": [7.375, 8.5, 7.5, 9], "texture": "#0"},
				"south": {"uv": [7.375, 8.5, 7.5, 9], "texture": "#0"},
				"west": {"uv": [7.375, 8.5, 7.5, 9], "texture": "#0"},
				"up": {"uv": [7.375, 8.5, 7.5, 8.625], "texture": "#0"},
				"down": {"uv": [7.375, 8.875, 7.5, 9], "texture": "#0"}
			}
		},
		{
			"name": "demonlordsword_17",
			"from": [8.375, 7, 8],
			"to": [8.5, 7.5, 8.125],
			"faces": {
				"north": {"uv": [8.5, 8.5, 8.375, 9], "texture": "#0"},
				"east": {"uv": [8.375, 8.5, 8.5, 9], "texture": "#0"},
				"south": {"uv": [8.375, 8.5, 8.5, 9], "texture": "#0"},
				"west": {"uv": [8.375, 8.5, 8.5, 9], "texture": "#0"},
				"up": {"uv": [8.375, 8.5, 8.5, 8.625], "texture": "#0"},
				"down": {"uv": [8.375, 8.875, 8.5, 9], "texture": "#0"}
			}
		},
		{
			"name": "demonlordsword_18",
			"from": [7.625, 7.125, 7.95],
			"to": [7.75, 7.5, 8.175],
			"faces": {
				"north": {"uv": [9, 8.5, 8.875, 8.875], "texture": "#0"},
				"east": {"uv": [8.875, 8.5, 9, 8.875], "texture": "#0"},
				"south": {"uv": [8.875, 8.5, 9, 8.875], "texture": "#0"},
				"west": {"uv": [8.875, 8.5, 9, 8.875], "texture": "#0"},
				"up": {"uv": [8.875, 8.5, 9, 8.625], "texture": "#0"},
				"down": {"uv": [8.875, 8.75, 9, 8.875], "texture": "#0"}
			}
		},
		{
			"name": "demonlordsword_19",
			"from": [8.125, 7.125, 7.95],
			"to": [8.25, 7.5, 8.175],
			"faces": {
				"north": {"uv": [9.5, 8.5, 9.375, 8.875], "texture": "#0"},
				"east": {"uv": [9.375, 8.5, 9.5, 8.875], "texture": "#0"},
				"south": {"uv": [9.375, 8.5, 9.5, 8.875], "texture": "#0"},
				"west": {"uv": [9.375, 8.5, 9.5, 8.875], "texture": "#0"},
				"up": {"uv": [9.375, 8.5, 9.5, 8.625], "texture": "#0"},
				"down": {"uv": [9.375, 8.75, 9.5, 8.875], "texture": "#0"}
			}
		},
		{
			"name": "demonlordsword_20",
			"from": [7.25, 7, 8],
			"to": [7.375, 7.125, 8.125],
			"faces": {
				"north": {"uv": [7.375, 8.875, 7.25, 9], "texture": "#0"},
				"east": {"uv": [7.25, 8.875, 7.375, 9], "texture": "#0"},
				"south": {"uv": [7.25, 8.875, 7.375, 9], "texture": "#0"},
				"west": {"uv": [7.25, 8.875, 7.375, 9], "texture": "#0"},
				"up": {"uv": [7.25, 8.875, 7.375, 9], "texture": "#0"},
				"down": {"uv": [7.25, 8.875, 7.375, 9], "texture": "#0"}
			}
		},
		{
			"name": "demonlordsword_21",
			"from": [7.625, 6.625, 8],
			"to": [7.75, 7.125, 8.125],
			"faces": {
				"north": {"uv": [7.75, 8.875, 7.625, 9.375], "texture": "#0"},
				"east": {"uv": [7.625, 8.875, 7.75, 9.375], "texture": "#0"},
				"south": {"uv": [7.625, 8.875, 7.75, 9.375], "texture": "#0"},
				"west": {"uv": [7.625, 8.875, 7.75, 9.375], "texture": "#0"},
				"up": {"uv": [7.625, 8.875, 7.75, 9], "texture": "#0"},
				"down": {"uv": [7.625, 9.25, 7.75, 9.375], "texture": "#0"}
			}
		},
		{
			"name": "demonlordsword_22",
			"from": [8.125, 6.625, 8],
			"to": [8.25, 7.125, 8.125],
			"faces": {
				"north": {"uv": [8.25, 8.875, 8.125, 9.375], "texture": "#0"},
				"east": {"uv": [8.125, 8.875, 8.25, 9.375], "texture": "#0"},
				"south": {"uv": [8.125, 8.875, 8.25, 9.375], "texture": "#0"},
				"west": {"uv": [8.125, 8.875, 8.25, 9.375], "texture": "#0"},
				"up": {"uv": [8.125, 8.875, 8.25, 9], "texture": "#0"},
				"down": {"uv": [8.125, 9.25, 8.25, 9.375], "texture": "#0"}
			}
		},
		{
			"name": "demonlordsword_23",
			"from": [8.5, 7, 8],
			"to": [8.625, 7.125, 8.125],
			"faces": {
				"north": {"uv": [8.625, 8.875, 8.5, 9], "texture": "#0"},
				"east": {"uv": [8.5, 8.875, 8.625, 9], "texture": "#0"},
				"south": {"uv": [8.5, 8.875, 8.625, 9], "texture": "#0"},
				"west": {"uv": [8.5, 8.875, 8.625, 9], "texture": "#0"},
				"up": {"uv": [8.5, 8.875, 8.625, 9], "texture": "#0"},
				"down": {"uv": [8.5, 8.875, 8.625, 9], "texture": "#0"}
			}
		},
		{
			"name": "demonlordsword_24",
			"from": [7.5, 6.5, 8],
			"to": [7.625, 6.75, 8.125],
			"faces": {
				"north": {"uv": [7.625, 9.25, 7.5, 9.5], "texture": "#0"},
				"east": {"uv": [7.5, 9.25, 7.625, 9.5], "texture": "#0"},
				"south": {"uv": [7.5, 9.25, 7.625, 9.5], "texture": "#0"},
				"west": {"uv": [7.5, 9.25, 7.625, 9.5], "texture": "#0"},
				"up": {"uv": [7.5, 9.25, 7.625, 9.375], "texture": "#0"},
				"down": {"uv": [7.5, 9.375, 7.625, 9.5], "texture": "#0"}
			}
		},
		{
			"name": "demonlordsword_25",
			"from": [7.875, 6.625, 7.9],
			"to": [8, 7.25, 8.225],
			"faces": {
				"north": {"uv": [8, 9.25, 7.875, 9.875], "texture": "#0"},
				"east": {"uv": [7.875, 9.25, 8, 9.875], "texture": "#0"},
				"south": {"uv": [7.875, 9.25, 8, 9.875], "texture": "#0"},
				"west": {"uv": [7.875, 9.25, 8, 9.875], "texture": "#0"},
				"up": {"uv": [7.875, 9.25, 8, 9.375], "texture": "#0"},
				"down": {"uv": [7.875, 9.75, 8, 9.875], "texture": "#0"}
			}
		},
		{
			"name": "demonlordsword_26",
			"from": [8.25, 6.5, 8],
			"to": [8.375, 6.75, 8.125],
			"faces": {
				"north": {"uv": [8.375, 9.25, 8.25, 9.5], "texture": "#0"},
				"east": {"uv": [8.25, 9.25, 8.375, 9.5], "texture": "#0"},
				"south": {"uv": [8.25, 9.25, 8.375, 9.5], "texture": "#0"},
				"west": {"uv": [8.25, 9.25, 8.375, 9.5], "texture": "#0"},
				"up": {"uv": [8.25, 9.25, 8.375, 9.375], "texture": "#0"},
				"down": {"uv": [8.25, 9.375, 8.375, 9.5], "texture": "#0"}
			}
		},
		{
			"name": "demonlordsword_27",
			"from": [7.375, 6.5, 8],
			"to": [7.5, 6.625, 8.125],
			"faces": {
				"north": {"uv": [7.5, 9.375, 7.375, 9.5], "texture": "#0"},
				"east": {"uv": [7.375, 9.375, 7.5, 9.5], "texture": "#0"},
				"south": {"uv": [7.375, 9.375, 7.5, 9.5], "texture": "#0"},
				"west": {"uv": [7.375, 9.375, 7.5, 9.5], "texture": "#0"},
				"up": {"uv": [7.375, 9.375, 7.5, 9.5], "texture": "#0"},
				"down": {"uv": [7.375, 9.375, 7.5, 9.5], "texture": "#0"}
			}
		},
		{
			"name": "demonlordsword_28",
			"from": [7.75, 6.625, 7.9],
			"to": [7.875, 7.125, 8.225],
			"faces": {
				"north": {"uv": [7.875, 9.375, 7.75, 9.875], "texture": "#0"},
				"east": {"uv": [7.75, 9.375, 7.875, 9.875], "texture": "#0"},
				"south": {"uv": [7.75, 9.375, 7.875, 9.875], "texture": "#0"},
				"west": {"uv": [7.75, 9.375, 7.875, 9.875], "texture": "#0"},
				"up": {"uv": [7.75, 9.375, 7.875, 9.5], "texture": "#0"},
				"down": {"uv": [7.75, 9.75, 7.875, 9.875], "texture": "#0"}
			}
		},
		{
			"name": "demonlordsword_29",
			"from": [8, 6.625, 7.9],
			"to": [8.125, 7.125, 8.225],
			"faces": {
				"north": {"uv": [8.125, 9.375, 8, 9.875], "texture": "#0"},
				"east": {"uv": [8, 9.375, 8.125, 9.875], "texture": "#0"},
				"south": {"uv": [8, 9.375, 8.125, 9.875], "texture": "#0"},
				"west": {"uv": [8, 9.375, 8.125, 9.875], "texture": "#0"},
				"up": {"uv": [8, 9.375, 8.125, 9.5], "texture": "#0"},
				"down": {"uv": [8, 9.75, 8.125, 9.875], "texture": "#0"}
			}
		},
		{
			"name": "demonlordsword_30",
			"from": [8.375, 6.5, 8],
			"to": [8.5, 6.625, 8.125],
			"faces": {
				"north": {"uv": [8.5, 9.375, 8.375, 9.5], "texture": "#0"},
				"east": {"uv": [8.375, 9.375, 8.5, 9.5], "texture": "#0"},
				"south": {"uv": [8.375, 9.375, 8.5, 9.5], "texture": "#0"},
				"west": {"uv": [8.375, 9.375, 8.5, 9.5], "texture": "#0"},
				"up": {"uv": [8.375, 9.375, 8.5, 9.5], "texture": "#0"},
				"down": {"uv": [8.375, 9.375, 8.5, 9.5], "texture": "#0"}
			}
		},
		{
			"name": "demonlordsword_31",
			"from": [7.625, 6, 7.85],
			"to": [8.25, 6.625, 8.275],
			"faces": {
				"north": {"uv": [8.25, 10.125, 7.625, 10.75], "texture": "#0"},
				"east": {"uv": [8.125, 10.125, 8.25, 10.75], "texture": "#0"},
				"south": {"uv": [7.625, 10.125, 8.25, 10.75], "texture": "#0"},
				"west": {"uv": [7.625, 10.125, 7.75, 10.75], "texture": "#0"},
				"up": {"uv": [7.625, 10.125, 8.25, 10.25], "texture": "#0"},
				"down": {"uv": [7.625, 10.625, 8.25, 10.75], "texture": "#0"}
			}
		},
		{
			"name": "demonlordsword_32",
			"from": [7.375, 5.75, 7.85],
			"to": [7.625, 6.5, 8.275],
			"faces": {
				"north": {"uv": [7.625, 10.25, 7.375, 11], "texture": "#0"},
				"east": {"uv": [7.5, 10.25, 7.625, 11], "texture": "#0"},
				"south": {"uv": [7.375, 10.25, 7.625, 11], "texture": "#0"},
				"west": {"uv": [7.375, 10.25, 7.5, 11], "texture": "#0"},
				"up": {"uv": [7.375, 10.25, 7.625, 10.375], "texture": "#0"},
				"down": {"uv": [7.375, 10.875, 7.625, 11], "texture": "#0"}
			}
		},
		{
			"name": "demonlordsword_33",
			"from": [8.25, 5.75, 7.85],
			"to": [8.5, 6.5, 8.275],
			"faces": {
				"north": {"uv": [8.5, 10.25, 8.25, 11], "texture": "#0"},
				"east": {"uv": [8.375, 10.25, 8.5, 11], "texture": "#0"},
				"south": {"uv": [8.25, 10.25, 8.5, 11], "texture": "#0"},
				"west": {"uv": [8.25, 10.25, 8.375, 11], "texture": "#0"},
				"up": {"uv": [8.25, 10.25, 8.5, 10.375], "texture": "#0"},
				"down": {"uv": [8.25, 10.875, 8.5, 11], "texture": "#0"}
			}
		},
		{
			"name": "demonlordsword_34",
			"from": [7.25, 5.75, 7.85],
			"to": [7.375, 6.375, 8.275],
			"faces": {
				"north": {"uv": [7.375, 10.375, 7.25, 11], "texture": "#0"},
				"east": {"uv": [7.25, 10.375, 7.375, 11], "texture": "#0"},
				"south": {"uv": [7.25, 10.375, 7.375, 11], "texture": "#0"},
				"west": {"uv": [7.25, 10.375, 7.375, 11], "texture": "#0"},
				"up": {"uv": [7.25, 10.375, 7.375, 10.5], "texture": "#0"},
				"down": {"uv": [7.25, 10.875, 7.375, 11], "texture": "#0"}
			}
		},
		{
			"name": "demonlordsword_35",
			"from": [8.5, 5.75, 7.85],
			"to": [8.625, 6.375, 8.275],
			"faces": {
				"north": {"uv": [8.625, 10.375, 8.5, 11], "texture": "#0"},
				"east": {"uv": [8.5, 10.375, 8.625, 11], "texture": "#0"},
				"south": {"uv": [8.5, 10.375, 8.625, 11], "texture": "#0"},
				"west": {"uv": [8.5, 10.375, 8.625, 11], "texture": "#0"},
				"up": {"uv": [8.5, 10.375, 8.625, 10.5], "texture": "#0"},
				"down": {"uv": [8.5, 10.875, 8.625, 11], "texture": "#0"}
			}
		},
		{
			"name": "demonlordsword_36",
			"from": [7, 6, 7.85],
			"to": [7.25, 6.25, 8.275],
			"faces": {
				"north": {"uv": [7.25, 10.5, 7, 10.75], "texture": "#0"},
				"east": {"uv": [7.125, 10.5, 7.25, 10.75], "texture": "#0"},
				"south": {"uv": [7, 10.5, 7.25, 10.75], "texture": "#0"},
				"west": {"uv": [7, 10.5, 7.125, 10.75], "texture": "#0"},
				"up": {"uv": [7, 10.5, 7.25, 10.625], "texture": "#0"},
				"down": {"uv": [7, 10.625, 7.25, 10.75], "texture": "#0"}
			}
		},
		{
			"name": "demonlordsword_37",
			"from": [8.625, 6, 7.85],
			"to": [8.875, 6.25, 8.275],
			"faces": {
				"north": {"uv": [8.875, 10.5, 8.625, 10.75], "texture": "#0"},
				"east": {"uv": [8.75, 10.5, 8.875, 10.75], "texture": "#0"},
				"south": {"uv": [8.625, 10.5, 8.875, 10.75], "texture": "#0"},
				"west": {"uv": [8.625, 10.5, 8.75, 10.75], "texture": "#0"},
				"up": {"uv": [8.625, 10.5, 8.875, 10.625], "texture": "#0"},
				"down": {"uv": [8.625, 10.625, 8.875, 10.75], "texture": "#0"}
			}
		},
		{
			"name": "demonlordsword_38",
			"from": [7.125, 5.875, 7.85],
			"to": [7.25, 6, 8.275],
			"faces": {
				"north": {"uv": [7.25, 10.75, 7.125, 10.875], "texture": "#0"},
				"east": {"uv": [7.125, 10.75, 7.25, 10.875], "texture": "#0"},
				"south": {"uv": [7.125, 10.75, 7.25, 10.875], "texture": "#0"},
				"west": {"uv": [7.125, 10.75, 7.25, 10.875], "texture": "#0"},
				"up": {"uv": [7.125, 10.75, 7.25, 10.875], "texture": "#0"},
				"down": {"uv": [7.125, 10.75, 7.25, 10.875], "texture": "#0"}
			}
		},
		{
			"name": "demonlordsword_39",
			"from": [7.625, 5.875, 7.85],
			"to": [7.75, 6, 8.275],
			"faces": {
				"north": {"uv": [7.75, 10.75, 7.625, 10.875], "texture": "#0"},
				"east": {"uv": [7.625, 10.75, 7.75, 10.875], "texture": "#0"},
				"south": {"uv": [7.625, 10.75, 7.75, 10.875], "texture": "#0"},
				"west": {"uv": [7.625, 10.75, 7.75, 10.875], "texture": "#0"},
				"up": {"uv": [7.625, 10.75, 7.75, 10.875], "texture": "#0"},
				"down": {"uv": [7.625, 10.75, 7.75, 10.875], "texture": "#0"}
			}
		},
		{
			"name": "demonlordsword_40",
			"from": [8.125, 5.875, 7.85],
			"to": [8.25, 6, 8.275],
			"faces": {
				"north": {"uv": [8.25, 10.75, 8.125, 10.875], "texture": "#0"},
				"east": {"uv": [8.125, 10.75, 8.25, 10.875], "texture": "#0"},
				"south": {"uv": [8.125, 10.75, 8.25, 10.875], "texture": "#0"},
				"west": {"uv": [8.125, 10.75, 8.25, 10.875], "texture": "#0"},
				"up": {"uv": [8.125, 10.75, 8.25, 10.875], "texture": "#0"},
				"down": {"uv": [8.125, 10.75, 8.25, 10.875], "texture": "#0"}
			}
		},
		{
			"name": "demonlordsword_41",
			"from": [8.625, 5.875, 7.85],
			"to": [8.75, 6, 8.275],
			"faces": {
				"north": {"uv": [8.75, 10.75, 8.625, 10.875], "texture": "#0"},
				"east": {"uv": [8.625, 10.75, 8.75, 10.875], "texture": "#0"},
				"south": {"uv": [8.625, 10.75, 8.75, 10.875], "texture": "#0"},
				"west": {"uv": [8.625, 10.75, 8.75, 10.875], "texture": "#0"},
				"up": {"uv": [8.625, 10.75, 8.75, 10.875], "texture": "#0"},
				"down": {"uv": [8.625, 10.75, 8.75, 10.875], "texture": "#0"}
			}
		},
		{
			"name": "demonlordsword_42",
			"from": [7.75, 4, 7.9],
			"to": [8.125, 6, 8.225],
			"faces": {
				"north": {"uv": [8.125, 11, 7.75, 13], "texture": "#0"},
				"east": {"uv": [8, 11, 8.125, 13], "texture": "#0"},
				"south": {"uv": [7.75, 11, 8.125, 13], "texture": "#0"},
				"west": {"uv": [7.75, 11, 7.875, 13], "texture": "#0"},
				"up": {"uv": [7.75, 11, 8.125, 11.125], "texture": "#0"},
				"down": {"uv": [7.75, 12.875, 8.125, 13], "texture": "#0"}
			}
		},
		{
			"name": "demonlordsword_43",
			"from": [7.625, 3.25, 7.8],
			"to": [8.25, 4, 8.325],
			"faces": {
				"north": {"uv": [8.25, 13.25, 7.625, 14], "texture": "#0"},
				"east": {"uv": [8.25, 13.25, 7.625, 14], "texture": "#0"},
				"south": {"uv": [7.625, 13.25, 8.25, 14], "texture": "#0"},
				"west": {"uv": [8.25, 13.25, 7.625, 14], "texture": "#0"},
				"up": {"uv": [7.625, 13.25, 8.25, 13.375], "texture": "#0"},
				"down": {"uv": [7.625, 13.875, 8.25, 14], "texture": "#0"}
			}
		}
	],
	"gui_light": "front",
	"display": {
		"thirdperson_righthand": {
			"rotation": [0, -90, 0],
			"translation": [0, 6.25, 1.25],
			"scale": [2.75, 2.75, 2.5]
		},
		"thirdperson_lefthand": {
			"rotation": [0, -90, 0],
			"translation": [0, 6.25, 1.25],
			"scale": [2.75, 2.75, 2.5]
		},
		"firstperson_righthand": {
			"rotation": [0, -90, -8],
			"translation": [0.5, 4.25, 1.5],
			"scale": [2, 2, 2]
		},
		"firstperson_lefthand": {
			"rotation": [5, 90, 1],
			"translation": [0.75, 4, 0.5],
			"scale": [2, 2, 2]
		},
		"ground": {
			"translation": [0, 8.5, 0],
			"scale": [2.5, 2.5, 2.5]
		},
		"gui": {
			"rotation": [0, 0, -42],
			"translation": [-0.5, 0.25, 0],
			"scale": [2.5, 2.5, 1]
		},
		"head": {
			"rotation": [0, -94, -117],
			"translation": [-6.5, -22.25, -0.25],
			"scale": [3, 3, 3]
		},
		"fixed": {
			"rotation": [-180, 0, 138],
			"translation": [-1.25, 1.75, -0.5],
			"scale": [4, 4, 3]
		}
	},
	"groups": [
		{
			"name": "demonlordsword",
			"origin": [8, 8, 8],
			"color": 0,
			"children": [0, 1, 2, 3, 4, 5, 6, 7, 8, 9, 10, 11, 12, 13, 14, 15, 16, 17, 18, 19, 20, 21, 22, 23, 24, 25, 26, 27, 28, 29, 30, 31, 32, 33, 34, 35, 36, 37, 38, 39, 40, 41, 42, 43]
		}
	]
}