{
	"credit": "Made with Blockbench",
	"parent": "item/handheld",
	"textures": {
		"layer0": "./creation_scythe_small"
	},
	"display": {
		"thirdperson_righthand": {
			"rotation": [-43.25, -90, 0],
			"translation": [0, 5, 1.75]
		},
		"thirdperson_lefthand": {
			"rotation": [26.5, 89.75, -71.75],
			"translation": [0, 5, 1.75]
		},
		"firstperson_righthand": {
			"rotation": [-43.25, -90, 0],
			"translation": [0, 5, 1.75]
		},
		"firstperson_lefthand": {
			"rotation": [26.5, 89.75, -71.75],
			"translation": [0, 5, 1.75]
		},
		"ground": {
			"translation": [0, 5.25, 0]
		},
		"head": {
			"rotation": [0, 0, -45],
			"translation": [0, -4.5, -6.5],
			"scale": [2, 2, 2]
		}
	}
}