{
	"credit": "Made with Blockbench",
	"textures": {
		"0": "./sword",
		"particle": "./sword"
	},
	"elements": [
		{
			"name": "sword_0",
			"from": [13.71429, 0, 0],
			"to": [16, 0.57143, 2.28571],
			"faces": {
				"north": {"uv": [16, 0, 13.71429, 0.57143], "texture": "#0"},
				"east": {"uv": [15.42857, 0, 16, 2.28571], "rotation": 90, "texture": "#0"},
				"south": {"uv": [13.71429, 1.71429, 16, 2.28571], "texture": "#0"},
				"west": {"uv": [13.71429, 0, 14.28571, 2.28571], "rotation": 270, "texture": "#0"},
				"up": {"uv": [13.71429, 0, 16, 2.28571], "texture": "#0"},
				"down": {"uv": [13.71429, 2.28571, 16, 0], "texture": "#0"}
			}
		},
		{
			"name": "sword_1",
			"from": [13.14286, 0, 0.57143],
			"to": [13.71429, 0.57143, 4.57143],
			"faces": {
				"north": {"uv": [13.71429, 0.57143, 13.14286, 1.14286], "texture": "#0"},
				"east": {"uv": [13.14286, 0.57143, 13.71429, 4.57143], "rotation": 90, "texture": "#0"},
				"south": {"uv": [13.14286, 4, 13.71429, 4.57143], "texture": "#0"},
				"west": {"uv": [13.14286, 0.57143, 13.71429, 4.57143], "rotation": 270, "texture": "#0"},
				"up": {"uv": [13.14286, 0.57143, 13.71429, 4.57143], "texture": "#0"},
				"down": {"uv": [13.14286, 4.57143, 13.71429, 0.57143], "texture": "#0"}
			}
		},
		{
			"name": "sword_2",
			"from": [12.57143, 0, 1.14286],
			"to": [13.14286, 0.57143, 5.14286],
			"faces": {
				"north": {"uv": [13.14286, 1.14286, 12.57143, 1.71429], "texture": "#0"},
				"east": {"uv": [12.57143, 1.14286, 13.14286, 5.14286], "rotation": 90, "texture": "#0"},
				"south": {"uv": [12.57143, 4.57143, 13.14286, 5.14286], "texture": "#0"},
				"west": {"uv": [12.57143, 1.14286, 13.14286, 5.14286], "rotation": 270, "texture": "#0"},
				"up": {"uv": [12.57143, 1.14286, 13.14286, 5.14286], "texture": "#0"},
				"down": {"uv": [12.57143, 5.14286, 13.14286, 1.14286], "texture": "#0"}
			}
		},
		{
			"name": "sword_3",
			"from": [12, 0, 1.71429],
			"to": [12.57143, 0.57143, 5.71429],
			"faces": {
				"north": {"uv": [12.57143, 1.71429, 12, 2.28571], "texture": "#0"},
				"east": {"uv": [12, 1.71429, 12.57143, 5.71429], "rotation": 90, "texture": "#0"},
				"south": {"uv": [12, 5.14286, 12.57143, 5.71429], "texture": "#0"},
				"west": {"uv": [12, 1.71429, 12.57143, 5.71429], "rotation": 270, "texture": "#0"},
				"up": {"uv": [12, 1.71429, 12.57143, 5.71429], "texture": "#0"},
				"down": {"uv": [12, 5.71429, 12.57143, 1.71429], "texture": "#0"}
			}
		},
		{
			"name": "sword_4",
			"from": [11.42857, 0, 2.28571],
			"to": [12, 0.57143, 6.28571],
			"faces": {
				"north": {"uv": [12, 2.28571, 11.42857, 2.85714], "texture": "#0"},
				"east": {"uv": [11.42857, 2.28571, 12, 6.28571], "rotation": 90, "texture": "#0"},
				"south": {"uv": [11.42857, 5.71429, 12, 6.28571], "texture": "#0"},
				"west": {"uv": [11.42857, 2.28571, 12, 6.28571], "rotation": 270, "texture": "#0"},
				"up": {"uv": [11.42857, 2.28571, 12, 6.28571], "texture": "#0"},
				"down": {"uv": [11.42857, 6.28571, 12, 2.28571], "texture": "#0"}
			}
		},
		{
			"name": "sword_5",
			"from": [13.71429, 0, 2.28571],
			"to": [14.85714, 0.57143, 3.42857],
			"faces": {
				"north": {"uv": [14.85714, 2.28571, 13.71429, 2.85714], "texture": "#0"},
				"east": {"uv": [14.28571, 2.28571, 14.85714, 3.42857], "rotation": 90, "texture": "#0"},
				"south": {"uv": [13.71429, 2.85714, 14.85714, 3.42857], "texture": "#0"},
				"west": {"uv": [13.71429, 2.28571, 14.28571, 3.42857], "rotation": 270, "texture": "#0"},
				"up": {"uv": [13.71429, 2.28571, 14.85714, 3.42857], "texture": "#0"},
				"down": {"uv": [13.71429, 3.42857, 14.85714, 2.28571], "texture": "#0"}
			}
		},
		{
			"name": "sword_6",
			"from": [14.85714, 0, 2.28571],
			"to": [15.42857, 0.57143, 2.85714],
			"faces": {
				"north": {"uv": [15.42857, 2.28571, 14.85714, 2.85714], "texture": "#0"},
				"east": {"uv": [14.85714, 2.28571, 15.42857, 2.85714], "rotation": 90, "texture": "#0"},
				"south": {"uv": [14.85714, 2.28571, 15.42857, 2.85714], "texture": "#0"},
				"west": {"uv": [14.85714, 2.28571, 15.42857, 2.85714], "rotation": 270, "texture": "#0"},
				"up": {"uv": [14.85714, 2.28571, 15.42857, 2.85714], "texture": "#0"},
				"down": {"uv": [14.85714, 2.85714, 15.42857, 2.28571], "texture": "#0"}
			}
		},
		{
			"name": "sword_7",
			"from": [10.85714, 0, 2.85714],
			"to": [11.42857, 0.57143, 6.85714],
			"faces": {
				"north": {"uv": [11.42857, 2.85714, 10.85714, 3.42857], "texture": "#0"},
				"east": {"uv": [10.85714, 2.85714, 11.42857, 6.85714], "rotation": 90, "texture": "#0"},
				"south": {"uv": [10.85714, 6.28571, 11.42857, 6.85714], "texture": "#0"},
				"west": {"uv": [10.85714, 2.85714, 11.42857, 6.85714], "rotation": 270, "texture": "#0"},
				"up": {"uv": [10.85714, 2.85714, 11.42857, 6.85714], "texture": "#0"},
				"down": {"uv": [10.85714, 6.85714, 11.42857, 2.85714], "texture": "#0"}
			}
		},
		{
			"name": "sword_8",
			"from": [10.28571, 0, 3.42857],
			"to": [10.85714, 0.57143, 8.57143],
			"faces": {
				"north": {"uv": [10.85714, 3.42857, 10.28571, 4], "texture": "#0"},
				"east": {"uv": [10.28571, 3.42857, 10.85714, 8.57143], "rotation": 90, "texture": "#0"},
				"south": {"uv": [10.28571, 8, 10.85714, 8.57143], "texture": "#0"},
				"west": {"uv": [10.28571, 3.42857, 10.85714, 8.57143], "rotation": 270, "texture": "#0"},
				"up": {"uv": [10.28571, 3.42857, 10.85714, 8.57143], "texture": "#0"},
				"down": {"uv": [10.28571, 8.57143, 10.85714, 3.42857], "texture": "#0"}
			}
		},
		{
			"name": "sword_9",
			"from": [13.71429, 0, 3.42857],
			"to": [14.28571, 0.57143, 4],
			"faces": {
				"north": {"uv": [14.28571, 3.42857, 13.71429, 4], "texture": "#0"},
				"east": {"uv": [13.71429, 3.42857, 14.28571, 4], "rotation": 90, "texture": "#0"},
				"south": {"uv": [13.71429, 3.42857, 14.28571, 4], "texture": "#0"},
				"west": {"uv": [13.71429, 3.42857, 14.28571, 4], "rotation": 270, "texture": "#0"},
				"up": {"uv": [13.71429, 3.42857, 14.28571, 4], "texture": "#0"},
				"down": {"uv": [13.71429, 4, 14.28571, 3.42857], "texture": "#0"}
			}
		},
		{
			"name": "sword_10",
			"from": [9.71429, 0, 4],
			"to": [10.28571, 0.57143, 8.57143],
			"faces": {
				"north": {"uv": [10.28571, 4, 9.71429, 4.57143], "texture": "#0"},
				"east": {"uv": [9.71429, 4, 10.28571, 8.57143], "rotation": 90, "texture": "#0"},
				"south": {"uv": [9.71429, 8, 10.28571, 8.57143], "texture": "#0"},
				"west": {"uv": [9.71429, 4, 10.28571, 8.57143], "rotation": 270, "texture": "#0"},
				"up": {"uv": [9.71429, 4, 10.28571, 8.57143], "texture": "#0"},
				"down": {"uv": [9.71429, 8.57143, 10.28571, 4], "texture": "#0"}
			}
		},
		{
			"name": "sword_11",
			"from": [9.14286, 0, 4.57143],
			"to": [9.71429, 0.57143, 8.57143],
			"faces": {
				"north": {"uv": [9.71429, 4.57143, 9.14286, 5.14286], "texture": "#0"},
				"east": {"uv": [9.14286, 4.57143, 9.71429, 8.57143], "rotation": 90, "texture": "#0"},
				"south": {"uv": [9.14286, 8, 9.71429, 8.57143], "texture": "#0"},
				"west": {"uv": [9.14286, 4.57143, 9.71429, 8.57143], "rotation": 270, "texture": "#0"},
				"up": {"uv": [9.14286, 4.57143, 9.71429, 8.57143], "texture": "#0"},
				"down": {"uv": [9.14286, 8.57143, 9.71429, 4.57143], "texture": "#0"}
			}
		},
		{
			"name": "sword_12",
			"from": [7.42857, 0, 5.14286],
			"to": [9.14286, 0.57143, 10.28571],
			"faces": {
				"north": {"uv": [9.14286, 5.14286, 7.42857, 5.71429], "texture": "#0"},
				"east": {"uv": [8.57143, 5.14286, 9.14286, 10.28571], "rotation": 90, "texture": "#0"},
				"south": {"uv": [7.42857, 9.71429, 9.14286, 10.28571], "texture": "#0"},
				"west": {"uv": [7.42857, 5.14286, 8, 10.28571], "rotation": 270, "texture": "#0"},
				"up": {"uv": [7.42857, 5.14286, 9.14286, 10.28571], "texture": "#0"},
				"down": {"uv": [7.42857, 10.28571, 9.14286, 5.14286], "texture": "#0"}
			}
		},
		{
			"name": "sword_13",
			"from": [5.71429, 0, 6.85714],
			"to": [7.42857, 0.57143, 10.85714],
			"faces": {
				"north": {"uv": [7.42857, 6.85714, 5.71429, 7.42857], "texture": "#0"},
				"east": {"uv": [6.85714, 6.85714, 7.42857, 10.85714], "rotation": 90, "texture": "#0"},
				"south": {"uv": [5.71429, 10.28571, 7.42857, 10.85714], "texture": "#0"},
				"west": {"uv": [5.71429, 6.85714, 6.28571, 10.85714], "rotation": 270, "texture": "#0"},
				"up": {"uv": [5.71429, 6.85714, 7.42857, 10.85714], "texture": "#0"},
				"down": {"uv": [5.71429, 10.85714, 7.42857, 6.85714], "texture": "#0"}
			}
		},
		{
			"name": "sword_14",
			"from": [2.85714, 0, 8],
			"to": [4, 0.57143, 9.71429],
			"faces": {
				"north": {"uv": [4, 8, 2.85714, 8.57143], "texture": "#0"},
				"east": {"uv": [3.42857, 8, 4, 9.71429], "rotation": 90, "texture": "#0"},
				"south": {"uv": [2.85714, 9.14286, 4, 9.71429], "texture": "#0"},
				"west": {"uv": [2.85714, 8, 3.42857, 9.71429], "rotation": 270, "texture": "#0"},
				"up": {"uv": [2.85714, 8, 4, 9.71429], "texture": "#0"},
				"down": {"uv": [2.85714, 9.71429, 4, 8], "texture": "#0"}
			}
		},
		{
			"name": "sword_15",
			"from": [4, 0, 8.57143],
			"to": [4.57143, 0.57143, 10.28571],
			"faces": {
				"north": {"uv": [4.57143, 8.57143, 4, 9.14286], "texture": "#0"},
				"east": {"uv": [4, 8.57143, 4.57143, 10.28571], "rotation": 90, "texture": "#0"},
				"south": {"uv": [4, 9.71429, 4.57143, 10.28571], "texture": "#0"},
				"west": {"uv": [4, 8.57143, 4.57143, 10.28571], "rotation": 270, "texture": "#0"},
				"up": {"uv": [4, 8.57143, 4.57143, 10.28571], "texture": "#0"},
				"down": {"uv": [4, 10.28571, 4.57143, 8.57143], "texture": "#0"}
			}
		},
		{
			"name": "sword_16",
			"from": [5.14286, 0, 8.57143],
			"to": [5.71429, 0.57143, 11.42857],
			"faces": {
				"north": {"uv": [5.71429, 8.57143, 5.14286, 9.14286], "texture": "#0"},
				"east": {"uv": [5.14286, 8.57143, 5.71429, 11.42857], "rotation": 90, "texture": "#0"},
				"south": {"uv": [5.14286, 10.85714, 5.71429, 11.42857], "texture": "#0"},
				"west": {"uv": [5.14286, 8.57143, 5.71429, 11.42857], "rotation": 270, "texture": "#0"},
				"up": {"uv": [5.14286, 8.57143, 5.71429, 11.42857], "texture": "#0"},
				"down": {"uv": [5.14286, 11.42857, 5.71429, 8.57143], "texture": "#0"}
			}
		},
		{
			"name": "sword_17",
			"from": [4.57143, 0, 9.14286],
			"to": [5.14286, 0.57143, 12],
			"faces": {
				"north": {"uv": [5.14286, 9.14286, 4.57143, 9.71429], "texture": "#0"},
				"east": {"uv": [4.57143, 9.14286, 5.14286, 12], "rotation": 90, "texture": "#0"},
				"south": {"uv": [4.57143, 11.42857, 5.14286, 12], "texture": "#0"},
				"west": {"uv": [4.57143, 9.14286, 5.14286, 12], "rotation": 270, "texture": "#0"},
				"up": {"uv": [4.57143, 9.14286, 5.14286, 12], "texture": "#0"},
				"down": {"uv": [4.57143, 12, 5.14286, 9.14286], "texture": "#0"}
			}
		},
		{
			"name": "sword_18",
			"from": [2.85714, 0, 9.71429],
			"to": [3.42857, 0.57143, 10.28571],
			"faces": {
				"north": {"uv": [3.42857, 9.71429, 2.85714, 10.28571], "texture": "#0"},
				"east": {"uv": [2.85714, 9.71429, 3.42857, 10.28571], "rotation": 90, "texture": "#0"},
				"south": {"uv": [2.85714, 9.71429, 3.42857, 10.28571], "texture": "#0"},
				"west": {"uv": [2.85714, 9.71429, 3.42857, 10.28571], "rotation": 270, "texture": "#0"},
				"up": {"uv": [2.85714, 9.71429, 3.42857, 10.28571], "texture": "#0"},
				"down": {"uv": [2.85714, 10.28571, 3.42857, 9.71429], "texture": "#0"}
			}
		},
		{
			"name": "sword_19",
			"from": [4, 0, 10.85714],
			"to": [4.57143, 0.57143, 12.57143],
			"faces": {
				"north": {"uv": [4.57143, 10.85714, 4, 11.42857], "texture": "#0"},
				"east": {"uv": [4, 10.85714, 4.57143, 12.57143], "rotation": 90, "texture": "#0"},
				"south": {"uv": [4, 12, 4.57143, 12.57143], "texture": "#0"},
				"west": {"uv": [4, 10.85714, 4.57143, 12.57143], "rotation": 270, "texture": "#0"},
				"up": {"uv": [4, 10.85714, 4.57143, 12.57143], "texture": "#0"},
				"down": {"uv": [4, 12.57143, 4.57143, 10.85714], "texture": "#0"}
			}
		},
		{
			"name": "sword_20",
			"from": [5.71429, 0, 10.85714],
			"to": [6.85714, 0.57143, 12],
			"faces": {
				"north": {"uv": [6.85714, 10.85714, 5.71429, 11.42857], "texture": "#0"},
				"east": {"uv": [6.28571, 10.85714, 6.85714, 12], "rotation": 90, "texture": "#0"},
				"south": {"uv": [5.71429, 11.42857, 6.85714, 12], "texture": "#0"},
				"west": {"uv": [5.71429, 10.85714, 6.28571, 12], "rotation": 270, "texture": "#0"},
				"up": {"uv": [5.71429, 10.85714, 6.85714, 12], "texture": "#0"},
				"down": {"uv": [5.71429, 12, 6.85714, 10.85714], "texture": "#0"}
			}
		},
		{
			"name": "sword_21",
			"from": [3.42857, 0, 11.42857],
			"to": [4, 0.57143, 13.14286],
			"faces": {
				"north": {"uv": [4, 11.42857, 3.42857, 12], "texture": "#0"},
				"east": {"uv": [3.42857, 11.42857, 4, 13.14286], "rotation": 90, "texture": "#0"},
				"south": {"uv": [3.42857, 12.57143, 4, 13.14286], "texture": "#0"},
				"west": {"uv": [3.42857, 11.42857, 4, 13.14286], "rotation": 270, "texture": "#0"},
				"up": {"uv": [3.42857, 11.42857, 4, 13.14286], "texture": "#0"},
				"down": {"uv": [3.42857, 13.14286, 4, 11.42857], "texture": "#0"}
			}
		},
		{
			"name": "sword_22",
			"from": [6.85714, 0, 11.42857],
			"to": [7.42857, 0.57143, 13.14286],
			"faces": {
				"north": {"uv": [7.42857, 11.42857, 6.85714, 12], "texture": "#0"},
				"east": {"uv": [6.85714, 11.42857, 7.42857, 13.14286], "rotation": 90, "texture": "#0"},
				"south": {"uv": [6.85714, 12.57143, 7.42857, 13.14286], "texture": "#0"},
				"west": {"uv": [6.85714, 11.42857, 7.42857, 13.14286], "rotation": 270, "texture": "#0"},
				"up": {"uv": [6.85714, 11.42857, 7.42857, 13.14286], "texture": "#0"},
				"down": {"uv": [6.85714, 13.14286, 7.42857, 11.42857], "texture": "#0"}
			}
		},
		{
			"name": "sword_23",
			"from": [2.85714, 0, 12],
			"to": [3.42857, 0.57143, 13.71429],
			"faces": {
				"north": {"uv": [3.42857, 12, 2.85714, 12.57143], "texture": "#0"},
				"east": {"uv": [2.85714, 12, 3.42857, 13.71429], "rotation": 90, "texture": "#0"},
				"south": {"uv": [2.85714, 13.14286, 3.42857, 13.71429], "texture": "#0"},
				"west": {"uv": [2.85714, 12, 3.42857, 13.71429], "rotation": 270, "texture": "#0"},
				"up": {"uv": [2.85714, 12, 3.42857, 13.71429], "texture": "#0"},
				"down": {"uv": [2.85714, 13.71429, 3.42857, 12], "texture": "#0"}
			}
		},
		{
			"name": "sword_24",
			"from": [6.28571, 0, 12],
			"to": [6.85714, 0.57143, 13.14286],
			"faces": {
				"north": {"uv": [6.85714, 12, 6.28571, 12.57143], "texture": "#0"},
				"east": {"uv": [6.28571, 12, 6.85714, 13.14286], "rotation": 90, "texture": "#0"},
				"south": {"uv": [6.28571, 12.57143, 6.85714, 13.14286], "texture": "#0"},
				"west": {"uv": [6.28571, 12, 6.85714, 13.14286], "rotation": 270, "texture": "#0"},
				"up": {"uv": [6.28571, 12, 6.85714, 13.14286], "texture": "#0"},
				"down": {"uv": [6.28571, 13.14286, 6.85714, 12], "texture": "#0"}
			}
		},
		{
			"name": "sword_25",
			"from": [7.42857, 0, 12],
			"to": [8, 0.57143, 13.14286],
			"faces": {
				"north": {"uv": [8, 12, 7.42857, 12.57143], "texture": "#0"},
				"east": {"uv": [7.42857, 12, 8, 13.14286], "rotation": 90, "texture": "#0"},
				"south": {"uv": [7.42857, 12.57143, 8, 13.14286], "texture": "#0"},
				"west": {"uv": [7.42857, 12, 8, 13.14286], "rotation": 270, "texture": "#0"},
				"up": {"uv": [7.42857, 12, 8, 13.14286], "texture": "#0"},
				"down": {"uv": [7.42857, 13.14286, 8, 12], "texture": "#0"}
			}
		},
		{
			"name": "sword_26",
			"from": [2.28571, 0, 12.57143],
			"to": [2.85714, 0.57143, 14.28571],
			"faces": {
				"north": {"uv": [2.85714, 12.57143, 2.28571, 13.14286], "texture": "#0"},
				"east": {"uv": [2.28571, 12.57143, 2.85714, 14.28571], "rotation": 90, "texture": "#0"},
				"south": {"uv": [2.28571, 13.71429, 2.85714, 14.28571], "texture": "#0"},
				"west": {"uv": [2.28571, 12.57143, 2.85714, 14.28571], "rotation": 270, "texture": "#0"},
				"up": {"uv": [2.28571, 12.57143, 2.85714, 14.28571], "texture": "#0"},
				"down": {"uv": [2.28571, 14.28571, 2.85714, 12.57143], "texture": "#0"}
			}
		},
		{
			"name": "sword_27",
			"from": [5.71429, 0, 12.57143],
			"to": [6.28571, 0.57143, 13.14286],
			"faces": {
				"north": {"uv": [6.28571, 12.57143, 5.71429, 13.14286], "texture": "#0"},
				"east": {"uv": [5.71429, 12.57143, 6.28571, 13.14286], "rotation": 90, "texture": "#0"},
				"south": {"uv": [5.71429, 12.57143, 6.28571, 13.14286], "texture": "#0"},
				"west": {"uv": [5.71429, 12.57143, 6.28571, 13.14286], "rotation": 270, "texture": "#0"},
				"up": {"uv": [5.71429, 12.57143, 6.28571, 13.14286], "texture": "#0"},
				"down": {"uv": [5.71429, 13.14286, 6.28571, 12.57143], "texture": "#0"}
			}
		},
		{
			"name": "sword_28",
			"from": [1.71429, 0, 13.14286],
			"to": [2.28571, 0.57143, 15.42857],
			"faces": {
				"north": {"uv": [2.28571, 13.14286, 1.71429, 13.71429], "texture": "#0"},
				"east": {"uv": [1.71429, 13.14286, 2.28571, 15.42857], "rotation": 90, "texture": "#0"},
				"south": {"uv": [1.71429, 14.85714, 2.28571, 15.42857], "texture": "#0"},
				"west": {"uv": [1.71429, 13.14286, 2.28571, 15.42857], "rotation": 270, "texture": "#0"},
				"up": {"uv": [1.71429, 13.14286, 2.28571, 15.42857], "texture": "#0"},
				"down": {"uv": [1.71429, 15.42857, 2.28571, 13.14286], "texture": "#0"}
			}
		},
		{
			"name": "sword_29",
			"from": [0.57143, 0, 13.71429],
			"to": [1.71429, 0.57143, 15.42857],
			"faces": {
				"north": {"uv": [1.71429, 13.71429, 0.57143, 14.28571], "texture": "#0"},
				"east": {"uv": [1.14286, 13.71429, 1.71429, 15.42857], "rotation": 90, "texture": "#0"},
				"south": {"uv": [0.57143, 14.85714, 1.71429, 15.42857], "texture": "#0"},
				"west": {"uv": [0.57143, 13.71429, 1.14286, 15.42857], "rotation": 270, "texture": "#0"},
				"up": {"uv": [0.57143, 13.71429, 1.71429, 15.42857], "texture": "#0"},
				"down": {"uv": [0.57143, 15.42857, 1.71429, 13.71429], "texture": "#0"}
			}
		},
		{
			"name": "sword_30",
			"from": [0, 0, 14.28571],
			"to": [0.57143, 0.57143, 14.85714],
			"faces": {
				"north": {"uv": [0.57143, 14.28571, 0, 14.85714], "texture": "#0"},
				"east": {"uv": [0, 14.28571, 0.57143, 14.85714], "rotation": 90, "texture": "#0"},
				"south": {"uv": [0, 14.28571, 0.57143, 14.85714], "texture": "#0"},
				"west": {"uv": [0, 14.28571, 0.57143, 14.85714], "rotation": 270, "texture": "#0"},
				"up": {"uv": [0, 14.28571, 0.57143, 14.85714], "texture": "#0"},
				"down": {"uv": [0, 14.85714, 0.57143, 14.28571], "texture": "#0"}
			}
		},
		{
			"name": "sword_31",
			"from": [1.14286, 0, 15.42857],
			"to": [1.71429, 0.57143, 16],
			"faces": {
				"north": {"uv": [1.71429, 15.42857, 1.14286, 16], "texture": "#0"},
				"east": {"uv": [1.14286, 15.42857, 1.71429, 16], "rotation": 90, "texture": "#0"},
				"south": {"uv": [1.14286, 15.42857, 1.71429, 16], "texture": "#0"},
				"west": {"uv": [1.14286, 15.42857, 1.71429, 16], "rotation": 270, "texture": "#0"},
				"up": {"uv": [1.14286, 15.42857, 1.71429, 16], "texture": "#0"},
				"down": {"uv": [1.14286, 16, 1.71429, 15.42857], "texture": "#0"}
			}
		}
	],
	"gui_light": "front",
	"display": {
		"thirdperson_righthand": {
			"rotation": [45, 0, 90],
			"translation": [-11.5, 8.5, 1.5],
			"scale": [1.5, 1.5, 1.5]
		},
		"thirdperson_lefthand": {
			"rotation": [135, 0, 90],
			"translation": [-11.5, 8.5, 1.5],
			"scale": [1.5, 1.5, 1.5]
		},
		"firstperson_righthand": {
			"rotation": [45, 0, 90],
			"translation": [-11.5, 8.5, 1.5],
			"scale": [1.5, 1.5, 1.5]
		},
		"firstperson_lefthand": {
			"rotation": [135, 0, 90],
			"translation": [-11.5, 8.5, 1.5],
			"scale": [1.5, 1.5, 1.5]
		},
		"ground": {
			"rotation": [90, 0, 0],
			"translation": [0, 0, 7.5]
		},
		"gui": {
			"rotation": [90, 0, 0],
			"translation": [0, 0, 8.25]
		},
		"fixed": {
			"rotation": [90, 0, 0],
			"translation": [0, 0, 7.5]
		}
	},
	"groups": [
		{
			"name": "sword",
			"origin": [8, 8, 8],
			"color": 0,
			"children": [0, 1, 2, 3, 4, 5, 6, 7, 8, 9, 10, 11, 12, 13, 14, 15, 16, 17, 18, 19, 20, 21, 22, 23, 24, 25, 26, 27, 28, 29, 30, 31]
		}
	]
}