{
	"credit": "Made with Blockbench",
	"textures": {
		"0": "keksis",
		"particle": "keksis"
	},
	"elements": [
		{
			"name": "truthseeker_0",
			"from": [12.95238, 0, 0],
			"to": [15.2381, 0.7619, 1.52381],
			"faces": {
				"north": {"uv": [15.2381, 0, 12.95238, 0.7619], "texture": "#0"},
				"east": {"uv": [14.47619, 0, 15.2381, 1.52381], "rotation": 90, "texture": "#0"},
				"south": {"uv": [12.95238, 0.7619, 15.2381, 1.52381], "texture": "#0"},
				"west": {"uv": [12.95238, 0, 13.71429, 1.52381], "rotation": 270, "texture": "#0"},
				"up": {"uv": [12.95238, 0, 15.2381, 1.52381], "texture": "#0"},
				"down": {"uv": [12.95238, 1.52381, 15.2381, 0], "texture": "#0"}
			}
		},
		{
			"name": "truthseeker_1",
			"from": [15.2381, 0, 0],
			"to": [16, 0.7619, 0.7619],
			"faces": {
				"north": {"uv": [16, 0, 15.2381, 0.7619], "texture": "#0"},
				"east": {"uv": [15.2381, 0, 16, 0.7619], "rotation": 90, "texture": "#0"},
				"south": {"uv": [15.2381, 0, 16, 0.7619], "texture": "#0"},
				"west": {"uv": [15.2381, 0, 16, 0.7619], "rotation": 270, "texture": "#0"},
				"up": {"uv": [15.2381, 0, 16, 0.7619], "texture": "#0"},
				"down": {"uv": [15.2381, 0.7619, 16, 0], "texture": "#0"}
			}
		},
		{
			"name": "truthseeker_2",
			"from": [12.95238, 0, 1.52381],
			"to": [14.47619, 0.7619, 3.80952],
			"faces": {
				"north": {"uv": [14.47619, 1.52381, 12.95238, 2.28571], "texture": "#0"},
				"east": {"uv": [13.71429, 1.52381, 14.47619, 3.80952], "rotation": 90, "texture": "#0"},
				"south": {"uv": [12.95238, 3.04762, 14.47619, 3.80952], "texture": "#0"},
				"west": {"uv": [12.95238, 1.52381, 13.71429, 3.80952], "rotation": 270, "texture": "#0"},
				"up": {"uv": [12.95238, 1.52381, 14.47619, 3.80952], "texture": "#0"},
				"down": {"uv": [12.95238, 3.80952, 14.47619, 1.52381], "texture": "#0"}
			}
		},
		{
			"name": "truthseeker_3",
			"from": [10.66667, 0, 2.28571],
			"to": [12.95238, 0.7619, 3.80952],
			"faces": {
				"north": {"uv": [12.95238, 2.28571, 10.66667, 3.04762], "texture": "#0"},
				"east": {"uv": [12.19048, 2.28571, 12.95238, 3.80952], "rotation": 90, "texture": "#0"},
				"south": {"uv": [10.66667, 3.04762, 12.95238, 3.80952], "texture": "#0"},
				"west": {"uv": [10.66667, 2.28571, 11.42857, 3.80952], "rotation": 270, "texture": "#0"},
				"up": {"uv": [10.66667, 2.28571, 12.95238, 3.80952], "texture": "#0"},
				"down": {"uv": [10.66667, 3.80952, 12.95238, 2.28571], "texture": "#0"}
			}
		},
		{
			"name": "truthseeker_4",
			"from": [10.66667, 0, 3.80952],
			"to": [12.19048, 0.7619, 6.09524],
			"faces": {
				"north": {"uv": [12.19048, 3.80952, 10.66667, 4.57143], "texture": "#0"},
				"east": {"uv": [11.42857, 3.80952, 12.19048, 6.09524], "rotation": 90, "texture": "#0"},
				"south": {"uv": [10.66667, 5.33333, 12.19048, 6.09524], "texture": "#0"},
				"west": {"uv": [10.66667, 3.80952, 11.42857, 6.09524], "rotation": 270, "texture": "#0"},
				"up": {"uv": [10.66667, 3.80952, 12.19048, 6.09524], "texture": "#0"},
				"down": {"uv": [10.66667, 6.09524, 12.19048, 3.80952], "texture": "#0"}
			}
		},
		{
			"name": "truthseeker_5",
			"from": [8.38095, 0, 4.57143],
			"to": [10.66667, 0.7619, 6.09524],
			"faces": {
				"north": {"uv": [10.66667, 4.57143, 8.38095, 5.33333], "texture": "#0"},
				"east": {"uv": [9.90476, 4.57143, 10.66667, 6.09524], "rotation": 90, "texture": "#0"},
				"south": {"uv": [8.38095, 5.33333, 10.66667, 6.09524], "texture": "#0"},
				"west": {"uv": [8.38095, 4.57143, 9.14286, 6.09524], "rotation": 270, "texture": "#0"},
				"up": {"uv": [8.38095, 4.57143, 10.66667, 6.09524], "texture": "#0"},
				"down": {"uv": [8.38095, 6.09524, 10.66667, 4.57143], "texture": "#0"}
			}
		},
		{
			"name": "truthseeker_6",
			"from": [8.38095, 0, 6.09524],
			"to": [9.90476, 0.7619, 8.38095],
			"faces": {
				"north": {"uv": [9.90476, 6.09524, 8.38095, 6.85714], "texture": "#0"},
				"east": {"uv": [9.14286, 6.09524, 9.90476, 8.38095], "rotation": 90, "texture": "#0"},
				"south": {"uv": [8.38095, 7.61905, 9.90476, 8.38095], "texture": "#0"},
				"west": {"uv": [8.38095, 6.09524, 9.14286, 8.38095], "rotation": 270, "texture": "#0"},
				"up": {"uv": [8.38095, 6.09524, 9.90476, 8.38095], "texture": "#0"},
				"down": {"uv": [8.38095, 8.38095, 9.90476, 6.09524], "texture": "#0"}
			}
		},
		{
			"name": "truthseeker_7",
			"from": [6.09524, 0, 6.85714],
			"to": [8.38095, 0.7619, 8.38095],
			"faces": {
				"north": {"uv": [8.38095, 6.85714, 6.09524, 7.61905], "texture": "#0"},
				"east": {"uv": [7.61905, 6.85714, 8.38095, 8.38095], "rotation": 90, "texture": "#0"},
				"south": {"uv": [6.09524, 7.61905, 8.38095, 8.38095], "texture": "#0"},
				"west": {"uv": [6.09524, 6.85714, 6.85714, 8.38095], "rotation": 270, "texture": "#0"},
				"up": {"uv": [6.09524, 6.85714, 8.38095, 8.38095], "texture": "#0"},
				"down": {"uv": [6.09524, 8.38095, 8.38095, 6.85714], "texture": "#0"}
			}
		},
		{
			"name": "truthseeker_8",
			"from": [6.09524, 0, 8.38095],
			"to": [7.61905, 0.7619, 10.66667],
			"faces": {
				"north": {"uv": [7.61905, 8.38095, 6.09524, 9.14286], "texture": "#0"},
				"east": {"uv": [6.85714, 8.38095, 7.61905, 10.66667], "rotation": 90, "texture": "#0"},
				"south": {"uv": [6.09524, 9.90476, 7.61905, 10.66667], "texture": "#0"},
				"west": {"uv": [6.09524, 8.38095, 6.85714, 10.66667], "rotation": 270, "texture": "#0"},
				"up": {"uv": [6.09524, 8.38095, 7.61905, 10.66667], "texture": "#0"},
				"down": {"uv": [6.09524, 10.66667, 7.61905, 8.38095], "texture": "#0"}
			}
		},
		{
			"name": "truthseeker_9",
			"from": [2.28571, 0, 9.14286],
			"to": [3.04762, 0.7619, 11.42857],
			"faces": {
				"north": {"uv": [3.04762, 9.14286, 2.28571, 9.90476], "texture": "#0"},
				"east": {"uv": [2.28571, 9.14286, 3.04762, 11.42857], "rotation": 90, "texture": "#0"},
				"south": {"uv": [2.28571, 10.66667, 3.04762, 11.42857], "texture": "#0"},
				"west": {"uv": [2.28571, 9.14286, 3.04762, 11.42857], "rotation": 270, "texture": "#0"},
				"up": {"uv": [2.28571, 9.14286, 3.04762, 11.42857], "texture": "#0"},
				"down": {"uv": [2.28571, 11.42857, 3.04762, 9.14286], "texture": "#0"}
			}
		},
		{
			"name": "truthseeker_10",
			"from": [1.52381, 0, 9.90476],
			"to": [2.28571, 0.7619, 11.42857],
			"faces": {
				"north": {"uv": [2.28571, 9.90476, 1.52381, 10.66667], "texture": "#0"},
				"east": {"uv": [1.52381, 9.90476, 2.28571, 11.42857], "rotation": 90, "texture": "#0"},
				"south": {"uv": [1.52381, 10.66667, 2.28571, 11.42857], "texture": "#0"},
				"west": {"uv": [1.52381, 9.90476, 2.28571, 11.42857], "rotation": 270, "texture": "#0"},
				"up": {"uv": [1.52381, 9.90476, 2.28571, 11.42857], "texture": "#0"},
				"down": {"uv": [1.52381, 11.42857, 2.28571, 9.90476], "texture": "#0"}
			}
		},
		{
			"name": "truthseeker_11",
			"from": [4.57143, 0, 9.90476],
			"to": [6.09524, 0.7619, 12.19048],
			"faces": {
				"north": {"uv": [6.09524, 9.90476, 4.57143, 10.66667], "texture": "#0"},
				"east": {"uv": [5.33333, 9.90476, 6.09524, 12.19048], "rotation": 90, "texture": "#0"},
				"south": {"uv": [4.57143, 11.42857, 6.09524, 12.19048], "texture": "#0"},
				"west": {"uv": [4.57143, 9.90476, 5.33333, 12.19048], "rotation": 270, "texture": "#0"},
				"up": {"uv": [4.57143, 9.90476, 6.09524, 12.19048], "texture": "#0"},
				"down": {"uv": [4.57143, 12.19048, 6.09524, 9.90476], "texture": "#0"}
			}
		},
		{
			"name": "truthseeker_12",
			"from": [3.04762, 0, 10.66667],
			"to": [4.57143, 0.7619, 12.95238],
			"faces": {
				"north": {"uv": [4.57143, 10.66667, 3.04762, 11.42857], "texture": "#0"},
				"east": {"uv": [3.80952, 10.66667, 4.57143, 12.95238], "rotation": 90, "texture": "#0"},
				"south": {"uv": [3.04762, 12.19048, 4.57143, 12.95238], "texture": "#0"},
				"west": {"uv": [3.04762, 10.66667, 3.80952, 12.95238], "rotation": 270, "texture": "#0"},
				"up": {"uv": [3.04762, 10.66667, 4.57143, 12.95238], "texture": "#0"},
				"down": {"uv": [3.04762, 12.95238, 4.57143, 10.66667], "texture": "#0"}
			}
		},
		{
			"name": "truthseeker_13",
			"from": [6.09524, 0, 10.66667],
			"to": [6.85714, 0.7619, 11.42857],
			"faces": {
				"north": {"uv": [6.85714, 10.66667, 6.09524, 11.42857], "texture": "#0"},
				"east": {"uv": [6.09524, 10.66667, 6.85714, 11.42857], "rotation": 90, "texture": "#0"},
				"south": {"uv": [6.09524, 10.66667, 6.85714, 11.42857], "texture": "#0"},
				"west": {"uv": [6.09524, 10.66667, 6.85714, 11.42857], "rotation": 270, "texture": "#0"},
				"up": {"uv": [6.09524, 10.66667, 6.85714, 11.42857], "texture": "#0"},
				"down": {"uv": [6.09524, 11.42857, 6.85714, 10.66667], "texture": "#0"}
			}
		},
		{
			"name": "truthseeker_14",
			"from": [2.28571, 0, 12.19048],
			"to": [3.04762, 0.7619, 14.47619],
			"faces": {
				"north": {"uv": [3.04762, 12.19048, 2.28571, 12.95238], "texture": "#0"},
				"east": {"uv": [2.28571, 12.19048, 3.04762, 14.47619], "rotation": 90, "texture": "#0"},
				"south": {"uv": [2.28571, 13.71429, 3.04762, 14.47619], "texture": "#0"},
				"west": {"uv": [2.28571, 12.19048, 3.04762, 14.47619], "rotation": 270, "texture": "#0"},
				"up": {"uv": [2.28571, 12.19048, 3.04762, 14.47619], "texture": "#0"},
				"down": {"uv": [2.28571, 14.47619, 3.04762, 12.19048], "texture": "#0"}
			}
		},
		{
			"name": "truthseeker_15",
			"from": [4.57143, 0, 12.19048],
			"to": [5.33333, 0.7619, 14.47619],
			"faces": {
				"north": {"uv": [5.33333, 12.19048, 4.57143, 12.95238], "texture": "#0"},
				"east": {"uv": [4.57143, 12.19048, 5.33333, 14.47619], "rotation": 90, "texture": "#0"},
				"south": {"uv": [4.57143, 13.71429, 5.33333, 14.47619], "texture": "#0"},
				"west": {"uv": [4.57143, 12.19048, 5.33333, 14.47619], "rotation": 270, "texture": "#0"},
				"up": {"uv": [4.57143, 12.19048, 5.33333, 14.47619], "texture": "#0"},
				"down": {"uv": [4.57143, 14.47619, 5.33333, 12.19048], "texture": "#0"}
			}
		},
		{
			"name": "truthseeker_16",
			"from": [1.52381, 0, 12.95238],
			"to": [2.28571, 0.7619, 15.2381],
			"faces": {
				"north": {"uv": [2.28571, 12.95238, 1.52381, 13.71429], "texture": "#0"},
				"east": {"uv": [1.52381, 12.95238, 2.28571, 15.2381], "rotation": 90, "texture": "#0"},
				"south": {"uv": [1.52381, 14.47619, 2.28571, 15.2381], "texture": "#0"},
				"west": {"uv": [1.52381, 12.95238, 2.28571, 15.2381], "rotation": 270, "texture": "#0"},
				"up": {"uv": [1.52381, 12.95238, 2.28571, 15.2381], "texture": "#0"},
				"down": {"uv": [1.52381, 15.2381, 2.28571, 12.95238], "texture": "#0"}
			}
		},
		{
			"name": "truthseeker_17",
			"from": [3.04762, 0, 12.95238],
			"to": [3.80952, 0.7619, 13.71429],
			"faces": {
				"north": {"uv": [3.80952, 12.95238, 3.04762, 13.71429], "texture": "#0"},
				"east": {"uv": [3.04762, 12.95238, 3.80952, 13.71429], "rotation": 90, "texture": "#0"},
				"south": {"uv": [3.04762, 12.95238, 3.80952, 13.71429], "texture": "#0"},
				"west": {"uv": [3.04762, 12.95238, 3.80952, 13.71429], "rotation": 270, "texture": "#0"},
				"up": {"uv": [3.04762, 12.95238, 3.80952, 13.71429], "texture": "#0"},
				"down": {"uv": [3.04762, 13.71429, 3.80952, 12.95238], "texture": "#0"}
			}
		},
		{
			"name": "truthseeker_18",
			"from": [5.33333, 0, 12.95238],
			"to": [6.85714, 0.7619, 13.71429],
			"faces": {
				"north": {"uv": [6.85714, 12.95238, 5.33333, 13.71429], "texture": "#0"},
				"east": {"uv": [6.09524, 12.95238, 6.85714, 13.71429], "rotation": 90, "texture": "#0"},
				"south": {"uv": [5.33333, 12.95238, 6.85714, 13.71429], "texture": "#0"},
				"west": {"uv": [5.33333, 12.95238, 6.09524, 13.71429], "rotation": 270, "texture": "#0"},
				"up": {"uv": [5.33333, 12.95238, 6.85714, 13.71429], "texture": "#0"},
				"down": {"uv": [5.33333, 13.71429, 6.85714, 12.95238], "texture": "#0"}
			}
		},
		{
			"name": "truthseeker_19",
			"from": [0.7619, 0, 13.71429],
			"to": [1.52381, 0.7619, 16],
			"faces": {
				"north": {"uv": [1.52381, 13.71429, 0.7619, 14.47619], "texture": "#0"},
				"east": {"uv": [0.7619, 13.71429, 1.52381, 16], "rotation": 90, "texture": "#0"},
				"south": {"uv": [0.7619, 15.2381, 1.52381, 16], "texture": "#0"},
				"west": {"uv": [0.7619, 13.71429, 1.52381, 16], "rotation": 270, "texture": "#0"},
				"up": {"uv": [0.7619, 13.71429, 1.52381, 16], "texture": "#0"},
				"down": {"uv": [0.7619, 16, 1.52381, 13.71429], "texture": "#0"}
			}
		},
		{
			"name": "truthseeker_20",
			"from": [5.33333, 0, 13.71429],
			"to": [6.09524, 0.7619, 14.47619],
			"faces": {
				"north": {"uv": [6.09524, 13.71429, 5.33333, 14.47619], "texture": "#0"},
				"east": {"uv": [5.33333, 13.71429, 6.09524, 14.47619], "rotation": 90, "texture": "#0"},
				"south": {"uv": [5.33333, 13.71429, 6.09524, 14.47619], "texture": "#0"},
				"west": {"uv": [5.33333, 13.71429, 6.09524, 14.47619], "rotation": 270, "texture": "#0"},
				"up": {"uv": [5.33333, 13.71429, 6.09524, 14.47619], "texture": "#0"},
				"down": {"uv": [5.33333, 14.47619, 6.09524, 13.71429], "texture": "#0"}
			}
		},
		{
			"name": "truthseeker_21",
			"from": [0, 0, 14.47619],
			"to": [0.7619, 0.7619, 16],
			"faces": {
				"north": {"uv": [0.7619, 14.47619, 0, 15.2381], "texture": "#0"},
				"east": {"uv": [0, 14.47619, 0.7619, 16], "rotation": 90, "texture": "#0"},
				"south": {"uv": [0, 15.2381, 0.7619, 16], "texture": "#0"},
				"west": {"uv": [0, 14.47619, 0.7619, 16], "rotation": 270, "texture": "#0"},
				"up": {"uv": [0, 14.47619, 0.7619, 16], "texture": "#0"},
				"down": {"uv": [0, 16, 0.7619, 14.47619], "texture": "#0"}
			}
		}
	],
	"gui_light": "front",
	"display": {
		"thirdperson_righthand": {
			"rotation": [45, 0, 90],
			"translation": [-7.25, 6, 1.25]
		},
		"thirdperson_lefthand": {
			"rotation": [-115, 0, -90],
			"translation": [7.25, -8.5, -1.25]
		},
		"firstperson_righthand": {
			"rotation": [45, 0, 90],
			"translation": [-7.25, 6, 1.25]
		},
		"firstperson_lefthand": {
			"rotation": [-132, 25, -96],
			"translation": [8, -4, 2.25]
		},
		"ground": {
			"rotation": [90, 0, 0],
			"translation": [0, 1.5, 7.5]
		},
		"gui": {
			"rotation": [90, 0, 0],
			"translation": [0, 0, -6.75]
		},
		"fixed": {
			"rotation": [90, 0, 180],
			"translation": [0, 0, -8]
		}
	},
	"groups": [
		{
			"name": "truthseeker",
			"origin": [8, 8, 8],
			"color": 0,
			"children": [0, 1, 2, 3, 4, 5, 6, 7, 8, 9, 10, 11, 12, 13, 14, 15, 16, 17, 18, 19, 20, 21]
		}
	]
}