{
	"credit": "Made with Blockbench",
	"texture_size": [64, 64],
	"textures": {
		"0": "./masteremerald",
		"particle": "./masteremerald"
	},
	"elements": [
		{
			"from": [7.5, 4, 7.5],
			"to": [8.5, 5, 8.5],
			"faces": {
				"north": {"uv": [3.5, 8.5, 3.75, 8.75], "texture": "#0"},
				"east": {"uv": [3.5, 9.5, 3.75, 9.75], "texture": "#0"},
				"south": {"uv": [3.5, 10.75, 3.75, 11], "texture": "#0"},
				"west": {"uv": [6.75, 10.75, 7, 11], "texture": "#0"},
				"up": {"uv": [3.75, 11.25, 3.5, 11], "texture": "#0"},
				"down": {"uv": [9, 11, 8.75, 11.25], "texture": "#0"}
			}
		},
		{
			"from": [6.5, 5, 6.5],
			"to": [9.5, 6, 9.5],
			"faces": {
				"north": {"uv": [0.5, 12, 1.25, 12.25], "texture": "#0"},
				"east": {"uv": [1.25, 12, 2, 12.25], "texture": "#0"},
				"south": {"uv": [2, 12, 2.75, 12.25], "texture": "#0"},
				"west": {"uv": [2.75, 12, 3.5, 12.25], "texture": "#0"},
				"up": {"uv": [3, 9.5, 2.25, 8.75], "texture": "#0"},
				"down": {"uv": [3.75, 8.75, 3, 9.5], "texture": "#0"}
			}
		},
		{
			"from": [5.5, 6, 5.5],
			"to": [10.5, 7, 10.5],
			"faces": {
				"north": {"uv": [2.25, 9.5, 3.5, 9.75], "texture": "#0"},
				"east": {"uv": [2.25, 10.75, 3.5, 11], "texture": "#0"},
				"south": {"uv": [2.25, 11, 3.5, 11.25], "texture": "#0"},
				"west": {"uv": [2.25, 11.25, 3.5, 11.5], "texture": "#0"},
				"up": {"uv": [3.5, 8.75, 2.25, 7.5], "texture": "#0"},
				"down": {"uv": [6.75, 9.75, 5.5, 11], "texture": "#0"}
			}
		},
		{
			"from": [4.5, 7, 4.5],
			"to": [11.5, 8, 11.5],
			"faces": {
				"north": {"uv": [11.75, 10, 13.5, 10.25], "texture": "#0"},
				"east": {"uv": [11.75, 10.25, 13.5, 10.5], "texture": "#0"},
				"south": {"uv": [11.75, 10.5, 13.5, 10.75], "texture": "#0"},
				"west": {"uv": [11, 11.75, 12.75, 12], "texture": "#0"},
				"up": {"uv": [5.5, 11.5, 3.75, 9.75], "texture": "#0"},
				"down": {"uv": [11.5, 5.25, 9.75, 7], "texture": "#0"}
			}
		},
		{
			"from": [3.5, 8, 3.5],
			"to": [12.5, 9, 12.5],
			"faces": {
				"north": {"uv": [11.5, 10.75, 13.75, 11], "texture": "#0"},
				"east": {"uv": [11.5, 11, 13.75, 11.25], "texture": "#0"},
				"south": {"uv": [11.5, 11.25, 13.75, 11.5], "texture": "#0"},
				"west": {"uv": [11.5, 11.5, 13.75, 11.75], "texture": "#0"},
				"up": {"uv": [2.25, 9.75, 0, 7.5], "texture": "#0"},
				"down": {"uv": [9.25, 8.75, 7, 11], "texture": "#0"}
			}
		},
		{
			"from": [2.5, 9, 2.5],
			"to": [13.5, 10, 13.5],
			"faces": {
				"north": {"uv": [11.5, 6, 14.25, 6.25], "texture": "#0"},
				"east": {"uv": [11.5, 6.25, 14.25, 6.5], "texture": "#0"},
				"south": {"uv": [11.5, 6.5, 14.25, 6.75], "texture": "#0"},
				"west": {"uv": [11.5, 6.75, 14.25, 7], "texture": "#0"},
				"up": {"uv": [9.75, 6, 7, 3.25], "texture": "#0"},
				"down": {"uv": [9.75, 6, 7, 8.75], "texture": "#0"}
			}
		},
		{
			"from": [1.5, 10, 1.5],
			"to": [14.5, 11, 14.5],
			"faces": {
				"north": {"uv": [9.75, 8, 13, 8.25], "texture": "#0"},
				"east": {"uv": [9.75, 8.25, 13, 8.5], "texture": "#0"},
				"south": {"uv": [9.75, 8.5, 13, 8.75], "texture": "#0"},
				"west": {"uv": [10.25, 3, 13.5, 3.25], "texture": "#0"},
				"up": {"uv": [7, 3.25, 3.75, 0], "texture": "#0"},
				"down": {"uv": [7, 3.25, 3.75, 6.5], "texture": "#0"}
			}
		},
		{
			"from": [0.5, 11, 0.5],
			"to": [15.5, 15, 15.5],
			"faces": {
				"north": {"uv": [9.25, 8.75, 13, 9.75], "texture": "#0"},
				"east": {"uv": [0, 9.75, 3.75, 10.75], "texture": "#0"},
				"south": {"uv": [9.75, 3.25, 13.5, 4.25], "texture": "#0"},
				"west": {"uv": [9.75, 4.25, 13.5, 5.25], "texture": "#0"},
				"up": {"uv": [3.75, 3.75, 0, 0], "texture": "#0"},
				"down": {"uv": [3.75, 3.75, 0, 7.5], "texture": "#0"}
			}
		},
		{
			"from": [-0.5, 11, 3.5],
			"to": [0.5, 15, 12.5],
			"faces": {
				"north": {"uv": [5, 11.75, 5.25, 12.75], "texture": "#0"},
				"east": {"uv": [10.25, 2, 12.5, 3], "texture": "#0"},
				"south": {"uv": [5.25, 11.75, 5.5, 12.75], "texture": "#0"},
				"west": {"uv": [0, 10.75, 2.25, 11.75], "texture": "#0"},
				"up": {"uv": [8.5, 13.25, 8.25, 11], "texture": "#0"},
				"down": {"uv": [8.75, 11, 8.5, 13.25], "texture": "#0"}
			}
		},
		{
			"from": [15.5, 11, 3.5],
			"to": [16.5, 15, 13.5],
			"faces": {
				"north": {"uv": [4.5, 11.75, 4.75, 12.75], "texture": "#0"},
				"east": {"uv": [9.75, 7, 12.25, 8], "texture": "#0"},
				"south": {"uv": [4.75, 11.75, 5, 12.75], "texture": "#0"},
				"west": {"uv": [9.25, 9.75, 11.75, 10.75], "texture": "#0"},
				"up": {"uv": [8, 13.5, 7.75, 11], "texture": "#0"},
				"down": {"uv": [8.25, 11, 8, 13.5], "texture": "#0"}
			}
		},
		{
			"from": [3.5, 11, -0.5],
			"to": [12.5, 15, 0.5],
			"faces": {
				"north": {"uv": [10.25, 0, 12.5, 1], "texture": "#0"},
				"east": {"uv": [3.5, 7.5, 3.75, 8.5], "texture": "#0"},
				"south": {"uv": [10.25, 1, 12.5, 2], "texture": "#0"},
				"west": {"uv": [6.75, 9.75, 7, 10.75], "texture": "#0"},
				"up": {"uv": [2.25, 12, 0, 11.75], "texture": "#0"},
				"down": {"uv": [4.5, 11.75, 2.25, 12], "texture": "#0"}
			}
		},
		{
			"from": [3.5, 11, 15.5],
			"to": [12.5, 15, 16.5],
			"faces": {
				"north": {"uv": [9.25, 10.75, 11.5, 11.75], "texture": "#0"},
				"east": {"uv": [0, 12, 0.25, 13], "texture": "#0"},
				"south": {"uv": [5.5, 11, 7.75, 12], "texture": "#0"},
				"west": {"uv": [0.25, 12, 0.5, 13], "texture": "#0"},
				"up": {"uv": [11, 12, 8.75, 11.75], "texture": "#0"},
				"down": {"uv": [14, 9.75, 11.75, 10], "texture": "#0"}
			}
		},
		{
			"from": [1.5, 15, 1.5],
			"to": [14.5, 16, 14.5],
			"faces": {
				"north": {"uv": [2.25, 11.5, 5.5, 11.75], "texture": "#0"},
				"east": {"uv": [11.5, 5.25, 14.75, 5.5], "texture": "#0"},
				"south": {"uv": [11.5, 5.5, 14.75, 5.75], "texture": "#0"},
				"west": {"uv": [11.5, 5.75, 14.75, 6], "texture": "#0"},
				"up": {"uv": [7, 9.75, 3.75, 6.5], "texture": "#0"},
				"down": {"uv": [10.25, 0, 7, 3.25], "texture": "#0"}
			}
		}
	],
	"display": {
		"thirdperson_righthand": {
			"rotation": [2.75, 0, 0],
			"translation": [0, 0.75, 2],
			"scale": [0.5, 0.5, 0.5]
		},
		"thirdperson_lefthand": {
			"rotation": [2.75, 0, 0],
			"translation": [0, 0.75, 2],
			"scale": [0.5, 0.5, 0.5]
		},
		"firstperson_righthand": {
			"rotation": [2.75, 0, 0],
			"translation": [0, 0.75, 2],
			"scale": [0.5, 0.5, 0.5]
		},
		"firstperson_lefthand": {
			"rotation": [2.75, 0, 0],
			"translation": [0, 0.75, 2],
			"scale": [0.5, 0.5, 0.5]
		},
		"ground": {
			"translation": [0, 4.25, 0],
			"scale": [1.5, 1.5, 1.5]
		},
		"gui": {
			"rotation": [26, 45, 0],
			"translation": [0, -1.25, 0],
			"scale": [0.7, 0.7, 0.7]
		},
		"head": {
			"translation": [0, 14.5, 0],
			"scale": [2, 2, 2]
		},
		"fixed": {
			"rotation": [-90, 0, 0],
			"translation": [0, 0, -2.5]
		}
	}
}