{
	"credit": "Made with Blockbench",
	"textures": {
		"0": "./stormlander",
		"particle": "./stormlander"
	},
	"elements": [
		{
			"name": "great_hammer_2",
			"from": [5, 0, 7],
			"to": [6, 0.5, 8],
			"faces": {
				"north": {"uv": [6, 7, 5, 7.5], "texture": "#0"},
				"east": {"uv": [5.5, 7, 6, 8], "rotation": 90, "texture": "#0"},
				"south": {"uv": [5, 7.5, 6, 8], "texture": "#0"},
				"west": {"uv": [5, 7, 5.5, 8], "rotation": 270, "texture": "#0"},
				"up": {"uv": [5, 7, 6, 8], "texture": "#0"},
				"down": {"uv": [5, 8, 6, 7], "texture": "#0"}
			}
		},
		{
			"name": "great_hammer_3",
			"from": [4.5, 0, 7.5],
			"to": [5, 0.5, 9],
			"faces": {
				"north": {"uv": [5, 7.5, 4.5, 8], "texture": "#0"},
				"east": {"uv": [4.5, 7.5, 5, 9], "rotation": 90, "texture": "#0"},
				"south": {"uv": [4.5, 8.5, 5, 9], "texture": "#0"},
				"west": {"uv": [4.5, 7.5, 5, 9], "rotation": 270, "texture": "#0"},
				"up": {"uv": [4.5, 7.5, 5, 9], "texture": "#0"},
				"down": {"uv": [4.5, 9, 5, 7.5], "texture": "#0"}
			}
		},
		{
			"name": "great_hammer_4",
			"from": [4, 0, 8],
			"to": [4.5, 0.5, 9.5],
			"faces": {
				"north": {"uv": [4.5, 8, 4, 8.5], "texture": "#0"},
				"east": {"uv": [4, 8, 4.5, 9.5], "rotation": 90, "texture": "#0"},
				"south": {"uv": [4, 9, 4.5, 9.5], "texture": "#0"},
				"west": {"uv": [4, 8, 4.5, 9.5], "rotation": 270, "texture": "#0"},
				"up": {"uv": [4, 8, 4.5, 9.5], "texture": "#0"},
				"down": {"uv": [4, 9.5, 4.5, 8], "texture": "#0"}
			}
		},
		{
			"name": "great_hammer_5",
			"from": [5, 0, 8],
			"to": [5.5, 0.5, 8.5],
			"faces": {
				"north": {"uv": [5.5, 8, 5, 8.5], "texture": "#0"},
				"east": {"uv": [5, 8, 5.5, 8.5], "rotation": 90, "texture": "#0"},
				"south": {"uv": [5, 8, 5.5, 8.5], "texture": "#0"},
				"west": {"uv": [5, 8, 5.5, 8.5], "rotation": 270, "texture": "#0"},
				"up": {"uv": [5, 8, 5.5, 8.5], "texture": "#0"},
				"down": {"uv": [5, 8.5, 5.5, 8], "texture": "#0"}
			}
		},
		{
			"name": "great_hammer_6",
			"from": [3.5, 0, 8.5],
			"to": [4, 0.5, 10],
			"faces": {
				"north": {"uv": [4, 8.5, 3.5, 9], "texture": "#0"},
				"east": {"uv": [3.5, 8.5, 4, 10], "rotation": 90, "texture": "#0"},
				"south": {"uv": [3.5, 9.5, 4, 10], "texture": "#0"},
				"west": {"uv": [3.5, 8.5, 4, 10], "rotation": 270, "texture": "#0"},
				"up": {"uv": [3.5, 8.5, 4, 10], "texture": "#0"},
				"down": {"uv": [3.5, 10, 4, 8.5], "texture": "#0"}
			}
		},
		{
			"name": "great_hammer_7",
			"from": [3, 0, 9],
			"to": [3.5, 0.5, 10.5],
			"faces": {
				"north": {"uv": [3.5, 9, 3, 9.5], "texture": "#0"},
				"east": {"uv": [3, 9, 3.5, 10.5], "rotation": 90, "texture": "#0"},
				"south": {"uv": [3, 10, 3.5, 10.5], "texture": "#0"},
				"west": {"uv": [3, 9, 3.5, 10.5], "rotation": 270, "texture": "#0"},
				"up": {"uv": [3, 9, 3.5, 10.5], "texture": "#0"},
				"down": {"uv": [3, 10.5, 3.5, 9], "texture": "#0"}
			}
		},
		{
			"name": "great_hammer_8",
			"from": [2.5, 0, 9.5],
			"to": [3, 0.5, 11],
			"faces": {
				"north": {"uv": [3, 9.5, 2.5, 10], "texture": "#0"},
				"east": {"uv": [2.5, 9.5, 3, 11], "rotation": 90, "texture": "#0"},
				"south": {"uv": [2.5, 10.5, 3, 11], "texture": "#0"},
				"west": {"uv": [2.5, 9.5, 3, 11], "rotation": 270, "texture": "#0"},
				"up": {"uv": [2.5, 9.5, 3, 11], "texture": "#0"},
				"down": {"uv": [2.5, 11, 3, 9.5], "texture": "#0"}
			}
		},
		{
			"name": "great_hammer_9",
			"from": [2, 0, 10],
			"to": [2.5, 0.5, 11.5],
			"faces": {
				"north": {"uv": [2.5, 10, 2, 10.5], "texture": "#0"},
				"east": {"uv": [2, 10, 2.5, 11.5], "rotation": 90, "texture": "#0"},
				"south": {"uv": [2, 11, 2.5, 11.5], "texture": "#0"},
				"west": {"uv": [2, 10, 2.5, 11.5], "rotation": 270, "texture": "#0"},
				"up": {"uv": [2, 10, 2.5, 11.5], "texture": "#0"},
				"down": {"uv": [2, 11.5, 2.5, 10], "texture": "#0"}
			}
		},
		{
			"name": "great_hammer_10",
			"from": [1.5, 0, 10.5],
			"to": [2, 0.5, 12],
			"faces": {
				"north": {"uv": [2, 10.5, 1.5, 11], "texture": "#0"},
				"east": {"uv": [1.5, 10.5, 2, 12], "rotation": 90, "texture": "#0"},
				"south": {"uv": [1.5, 11.5, 2, 12], "texture": "#0"},
				"west": {"uv": [1.5, 10.5, 2, 12], "rotation": 270, "texture": "#0"},
				"up": {"uv": [1.5, 10.5, 2, 12], "texture": "#0"},
				"down": {"uv": [1.5, 12, 2, 10.5], "texture": "#0"}
			}
		},
		{
			"name": "great_hammer_11",
			"from": [1, 0, 11],
			"to": [1.5, 0.5, 12.5],
			"faces": {
				"north": {"uv": [1.5, 11, 1, 11.5], "texture": "#0"},
				"east": {"uv": [1, 11, 1.5, 12.5], "rotation": 90, "texture": "#0"},
				"south": {"uv": [1, 12, 1.5, 12.5], "texture": "#0"},
				"west": {"uv": [1, 11, 1.5, 12.5], "rotation": 270, "texture": "#0"},
				"up": {"uv": [1, 11, 1.5, 12.5], "texture": "#0"},
				"down": {"uv": [1, 12.5, 1.5, 11], "texture": "#0"}
			}
		},
		{
			"name": "great_hammer_12",
			"from": [0.5, 0, 11.5],
			"to": [1, 0.5, 13],
			"faces": {
				"north": {"uv": [1, 11.5, 0.5, 12], "texture": "#0"},
				"east": {"uv": [0.5, 11.5, 1, 13], "rotation": 90, "texture": "#0"},
				"south": {"uv": [0.5, 12.5, 1, 13], "texture": "#0"},
				"west": {"uv": [0.5, 11.5, 1, 13], "rotation": 270, "texture": "#0"},
				"up": {"uv": [0.5, 11.5, 1, 13], "texture": "#0"},
				"down": {"uv": [0.5, 13, 1, 11.5], "texture": "#0"}
			}
		},
		{
			"name": "great_hammer_13",
			"from": [0, 0, 12],
			"to": [0.5, 0.5, 13],
			"faces": {
				"north": {"uv": [0.5, 12, 0, 12.5], "texture": "#0"},
				"east": {"uv": [0, 12, 0.5, 13], "rotation": 90, "texture": "#0"},
				"south": {"uv": [0, 12.5, 0.5, 13], "texture": "#0"},
				"west": {"uv": [0, 12, 0.5, 13], "rotation": 270, "texture": "#0"},
				"up": {"uv": [0, 12, 0.5, 13], "texture": "#0"},
				"down": {"uv": [0, 13, 0.5, 12], "texture": "#0"}
			}
		},
		{
			"name": "ston",
			"from": [5.5, -1.5, 3.2],
			"to": [11.5, 2, 6.7],
			"rotation": {"angle": -45, "axis": "y", "origin": [6, 3.5, 3.5]},
			"faces": {
				"north": {"uv": [0, 3.5, 6, 7], "texture": "#0"},
				"east": {"uv": [6, 0, 9.5, 3.5], "rotation": 90, "texture": "#0"},
				"south": {"uv": [6, 3.5, 12, 7], "texture": "#0"},
				"west": {"uv": [12, 3.5, 15.5, 7], "rotation": 270, "texture": "#0"},
				"up": {"uv": [0, 0, 6, 3.5], "texture": "#0"},
				"down": {"uv": [9.5, 3.5, 15.5, 0], "texture": "#0"}
			}
		}
	],
	"gui_light": "front",
	"display": {
		"thirdperson_righthand": {
			"rotation": [45, 0, 90],
			"translation": [-9.75, 6.25, 3.75],
			"scale": [1.3, 1.3, 1.3]
		},
		"thirdperson_lefthand": {
			"rotation": [135, 0, 90],
			"translation": [-9.75, 6.25, -1.75],
			"scale": [1.3, 1.3, 1.3]
		},
		"firstperson_righthand": {
			"rotation": [45, 0, 90],
			"translation": [-9.75, 6.25, 3.75],
			"scale": [1.3, 1.3, 1.3]
		},
		"firstperson_lefthand": {
			"rotation": [135, 0, 90],
			"translation": [-9.75, 6.25, -1.75],
			"scale": [1.3, 1.3, 1.3]
		},
		"ground": {
			"rotation": [90, 0, 0],
			"translation": [3.5, 0, 7.5]
		},
		"gui": {
			"rotation": [111, 8, -4],
			"translation": [4.75, -2.75, 9.5],
			"scale": [1.3, 1.3, 1.3]
		},
		"fixed": {
			"rotation": [92, 0, 0],
			"translation": [4.75, 0, 9.5],
			"scale": [1.3, 1.3, 1.3]
		}
	},
	"groups": [
		{
			"name": "great_hammer",
			"origin": [8, 8, 8],
			"color": 0,
			"children": [0, 1, 2, 3, 4, 5, 6, 7, 8, 9, 10, 11, 12]
		}
	]
}