{
	"credit": "Made with Blockbench",
	"parent": "minecraft:item/generated",
	"textures": {
		"layer0": "./creation_scythe"
	},
	"display": {
		"thirdperson_righthand": {
			"rotation": [-28, -90, 0],
			"translation": [0, 6.75, 1.5],
			"scale": [3.76, 3.76, 1.62]
		},
		"thirdperson_lefthand": {
			"rotation": [28, 90, -55],
			"translation": [0, 6.75, 1.5],
			"scale": [3.76, 3.76, 1.62]
		},
		"firstperson_righthand": {
			"rotation": [-18, -90, 25],
			"translation": [0, 6.75, 1.5],
			"scale": [3.28, 3.28, 1.62]
		},
		"firstperson_lefthand": {
			"rotation": [-18, 90, -25],
			"translation": [0, 6.75, 1.5],
			"scale": [3.28, 3.28, 1.62]
		},
		"ground": {
			"translation": [0, 3.5, 0],
			"scale": [1.7, 1.7, 0.98]
		},
		"gui": {
			"translation": [0.75, 0.5, 0],
			"scale": [1.54, 1.54, 1]
		},
		"fixed": {
			"translation": [1, 0.75, 0],
			"scale": [1.96, 1.96, 1]
		}
	}
}