{
	"credit": "Made with Blockbench",
	"textures": {
		"2": "./katana",
		"particle": "./katana"
	},
	"elements": [
		{
			"name": "katana_0",
			"from": [14.85714, -1.6, -1.6],
			"to": [15.77143, -0.68571, 0.22857],
			"rotation": {"angle": 0, "axis": "y", "origin": [-1.6, -1.6, -1.6]},
			"faces": {
				"north": {"uv": [14.47619, 0, 13.71429, 0.8], "texture": "#2"},
				"east": {"uv": [13.71429, 0, 14.47619, 1.6], "rotation": 90, "texture": "#2"},
				"south": {"uv": [13.71429, 0.8, 14.47619, 1.6], "texture": "#2"},
				"west": {"uv": [13.71429, 0, 14.47619, 1.6], "rotation": 270, "texture": "#2"},
				"up": {"uv": [13.71429, 0, 14.47619, 1.6], "texture": "#2"},
				"down": {"uv": [13.71429, 1.6, 14.47619, 0], "texture": "#2"}
			}
		},
		{
			"name": "katana_1",
			"from": [15.77143, -1.6, -1.6],
			"to": [16.68571, -0.68571, -0.68571],
			"rotation": {"angle": 0, "axis": "y", "origin": [-1.6, -1.6, -1.6]},
			"faces": {
				"north": {"uv": [15.2381, 0, 14.47619, 0.8], "texture": "#2"},
				"east": {"uv": [14.47619, 0, 15.2381, 0.8], "rotation": 90, "texture": "#2"},
				"south": {"uv": [14.47619, 0, 15.2381, 0.8], "texture": "#2"},
				"west": {"uv": [14.47619, 0, 15.2381, 0.8], "rotation": 270, "texture": "#2"},
				"up": {"uv": [14.47619, 0, 15.2381, 0.8], "texture": "#2"},
				"down": {"uv": [14.47619, 0.8, 15.2381, 0], "texture": "#2"}
			}
		},
		{
			"name": "katana_2",
			"from": [16.68571, -1.6, -1.6],
			"to": [17.6, -0.68571, -0.68571],
			"rotation": {"angle": 0, "axis": "y", "origin": [-1.6, -1.6, -1.6]},
			"faces": {
				"north": {"uv": [16, 0, 15.2381, 0.8], "texture": "#2"},
				"east": {"uv": [15.2381, 0, 16, 0.8], "rotation": 90, "texture": "#2"},
				"south": {"uv": [15.2381, 0, 16, 0.8], "texture": "#2"},
				"west": {"uv": [15.2381, 0, 16, 0.8], "rotation": 270, "texture": "#2"},
				"up": {"uv": [15.2381, 0, 16, 0.8], "texture": "#2"},
				"down": {"uv": [15.2381, 0.8, 16, 0], "texture": "#2"}
			}
		},
		{
			"name": "katana_3",
			"from": [13.02857, -1.6, -0.68571],
			"to": [13.94286, -0.68571, 1.14286],
			"rotation": {"angle": 0, "axis": "y", "origin": [-1.6, -1.6, -1.6]},
			"faces": {
				"north": {"uv": [12.95238, 0.8, 12.19048, 1.6], "texture": "#2"},
				"east": {"uv": [12.19048, 0.8, 12.95238, 2.4], "rotation": 90, "texture": "#2"},
				"south": {"uv": [12.19048, 1.6, 12.95238, 2.4], "texture": "#2"},
				"west": {"uv": [12.19048, 0.8, 12.95238, 2.4], "rotation": 270, "texture": "#2"},
				"up": {"uv": [12.19048, 0.8, 12.95238, 2.4], "texture": "#2"},
				"down": {"uv": [12.19048, 2.4, 12.95238, 0.8], "texture": "#2"}
			}
		},
		{
			"name": "katana_4",
			"from": [13.94286, -1.6, -0.68571],
			"to": [14.85714, -0.68571, 1.14286],
			"rotation": {"angle": 0, "axis": "y", "origin": [-1.6, -1.6, -1.6]},
			"faces": {
				"north": {"uv": [13.71429, 0.8, 12.95238, 1.6], "texture": "#2"},
				"east": {"uv": [12.95238, 0.8, 13.71429, 2.4], "rotation": 90, "texture": "#2"},
				"south": {"uv": [12.95238, 1.6, 13.71429, 2.4], "texture": "#2"},
				"west": {"uv": [12.95238, 0.8, 13.71429, 2.4], "rotation": 270, "texture": "#2"},
				"up": {"uv": [12.95238, 0.8, 13.71429, 2.4], "texture": "#2"},
				"down": {"uv": [12.95238, 2.4, 13.71429, 0.8], "texture": "#2"}
			}
		},
		{
			"name": "katana_5",
			"from": [12.11429, -1.6, 0.22857],
			"to": [13.02857, -0.68571, 2.05714],
			"rotation": {"angle": 0, "axis": "y", "origin": [-1.6, -1.6, -1.6]},
			"faces": {
				"north": {"uv": [12.19048, 1.6, 11.42857, 2.4], "texture": "#2"},
				"east": {"uv": [11.42857, 1.6, 12.19048, 3.2], "rotation": 90, "texture": "#2"},
				"south": {"uv": [11.42857, 2.4, 12.19048, 3.2], "texture": "#2"},
				"west": {"uv": [11.42857, 1.6, 12.19048, 3.2], "rotation": 270, "texture": "#2"},
				"up": {"uv": [11.42857, 1.6, 12.19048, 3.2], "texture": "#2"},
				"down": {"uv": [11.42857, 3.2, 12.19048, 1.6], "texture": "#2"}
			}
		},
		{
			"name": "katana_6",
			"from": [11.2, -1.6, 1.14286],
			"to": [12.11429, -0.68571, 2.97143],
			"rotation": {"angle": 0, "axis": "y", "origin": [-1.6, -1.6, -1.6]},
			"faces": {
				"north": {"uv": [11.42857, 2.4, 10.66667, 3.2], "texture": "#2"},
				"east": {"uv": [10.66667, 2.4, 11.42857, 4], "rotation": 90, "texture": "#2"},
				"south": {"uv": [10.66667, 3.2, 11.42857, 4], "texture": "#2"},
				"west": {"uv": [10.66667, 2.4, 11.42857, 4], "rotation": 270, "texture": "#2"},
				"up": {"uv": [10.66667, 2.4, 11.42857, 4], "texture": "#2"},
				"down": {"uv": [10.66667, 4, 11.42857, 2.4], "texture": "#2"}
			}
		},
		{
			"name": "katana_7",
			"from": [10.28571, -1.6, 2.05714],
			"to": [11.2, -0.68571, 3.88571],
			"rotation": {"angle": 0, "axis": "y", "origin": [-1.6, -1.6, -1.6]},
			"faces": {
				"north": {"uv": [10.66667, 3.2, 9.90476, 4], "texture": "#2"},
				"east": {"uv": [9.90476, 3.2, 10.66667, 4.8], "rotation": 90, "texture": "#2"},
				"south": {"uv": [9.90476, 4, 10.66667, 4.8], "texture": "#2"},
				"west": {"uv": [9.90476, 3.2, 10.66667, 4.8], "rotation": 270, "texture": "#2"},
				"up": {"uv": [9.90476, 3.2, 10.66667, 4.8], "texture": "#2"},
				"down": {"uv": [9.90476, 4.8, 10.66667, 3.2], "texture": "#2"}
			}
		},
		{
			"name": "katana_8",
			"from": [9.37143, -1.6, 2.97143],
			"to": [10.28571, -0.68571, 4.8],
			"rotation": {"angle": 0, "axis": "y", "origin": [-1.6, -1.6, -1.6]},
			"faces": {
				"north": {"uv": [9.90476, 4, 9.14286, 4.8], "texture": "#2"},
				"east": {"uv": [9.14286, 4, 9.90476, 5.6], "rotation": 90, "texture": "#2"},
				"south": {"uv": [9.14286, 4.8, 9.90476, 5.6], "texture": "#2"},
				"west": {"uv": [9.14286, 4, 9.90476, 5.6], "rotation": 270, "texture": "#2"},
				"up": {"uv": [9.14286, 4, 9.90476, 5.6], "texture": "#2"},
				"down": {"uv": [9.14286, 5.6, 9.90476, 4], "texture": "#2"}
			}
		},
		{
			"name": "katana_9",
			"from": [8.45714, -1.6, 3.88571],
			"to": [9.37143, -0.68571, 5.71429],
			"rotation": {"angle": 0, "axis": "y", "origin": [-1.6, -1.6, -1.6]},
			"faces": {
				"north": {"uv": [9.14286, 4.8, 8.38095, 5.6], "texture": "#2"},
				"east": {"uv": [8.38095, 4.8, 9.14286, 6.4], "rotation": 90, "texture": "#2"},
				"south": {"uv": [8.38095, 5.6, 9.14286, 6.4], "texture": "#2"},
				"west": {"uv": [8.38095, 4.8, 9.14286, 6.4], "rotation": 270, "texture": "#2"},
				"up": {"uv": [8.38095, 4.8, 9.14286, 6.4], "texture": "#2"},
				"down": {"uv": [8.38095, 6.4, 9.14286, 4.8], "texture": "#2"}
			}
		},
		{
			"name": "katana_10",
			"from": [7.54286, -1.6, 4.8],
			"to": [8.45714, -0.68571, 6.62857],
			"rotation": {"angle": 0, "axis": "y", "origin": [-1.6, -1.6, -1.6]},
			"faces": {
				"north": {"uv": [8.38095, 5.6, 7.61905, 6.4], "texture": "#2"},
				"east": {"uv": [7.61905, 5.6, 8.38095, 7.2], "rotation": 90, "texture": "#2"},
				"south": {"uv": [7.61905, 6.4, 8.38095, 7.2], "texture": "#2"},
				"west": {"uv": [7.61905, 5.6, 8.38095, 7.2], "rotation": 270, "texture": "#2"},
				"up": {"uv": [7.61905, 5.6, 8.38095, 7.2], "texture": "#2"},
				"down": {"uv": [7.61905, 7.2, 8.38095, 5.6], "texture": "#2"}
			}
		},
		{
			"name": "katana_11",
			"from": [6.62857, -1.6, 5.71429],
			"to": [7.54286, -0.68571, 7.54286],
			"rotation": {"angle": 0, "axis": "y", "origin": [-1.6, -1.6, -1.6]},
			"faces": {
				"north": {"uv": [7.61905, 6.4, 6.85714, 7.2], "texture": "#2"},
				"east": {"uv": [6.85714, 6.4, 7.61905, 8], "rotation": 90, "texture": "#2"},
				"south": {"uv": [6.85714, 7.2, 7.61905, 8], "texture": "#2"},
				"west": {"uv": [6.85714, 6.4, 7.61905, 8], "rotation": 270, "texture": "#2"},
				"up": {"uv": [6.85714, 6.4, 7.61905, 8], "texture": "#2"},
				"down": {"uv": [6.85714, 8, 7.61905, 6.4], "texture": "#2"}
			}
		},
		{
			"name": "katana_12",
			"from": [5.71429, -1.6, 6.62857],
			"to": [6.62857, -0.68571, 8.45714],
			"rotation": {"angle": 0, "axis": "y", "origin": [-1.6, -1.6, -1.6]},
			"faces": {
				"north": {"uv": [6.85714, 7.2, 6.09524, 8], "texture": "#2"},
				"east": {"uv": [6.09524, 7.2, 6.85714, 8.8], "rotation": 90, "texture": "#2"},
				"south": {"uv": [6.09524, 8, 6.85714, 8.8], "texture": "#2"},
				"west": {"uv": [6.09524, 7.2, 6.85714, 8.8], "rotation": 270, "texture": "#2"},
				"up": {"uv": [6.09524, 7.2, 6.85714, 8.8], "texture": "#2"},
				"down": {"uv": [6.09524, 8.8, 6.85714, 7.2], "texture": "#2"}
			}
		},
		{
			"name": "katana_13",
			"from": [4.8, -1.6, 7.54286],
			"to": [5.71429, -0.68571, 9.37143],
			"rotation": {"angle": 0, "axis": "y", "origin": [-1.6, -1.6, -1.6]},
			"faces": {
				"north": {"uv": [6.09524, 8, 5.33333, 8.8], "texture": "#2"},
				"east": {"uv": [5.33333, 8, 6.09524, 9.6], "rotation": 90, "texture": "#2"},
				"south": {"uv": [5.33333, 8.8, 6.09524, 9.6], "texture": "#2"},
				"west": {"uv": [5.33333, 8, 6.09524, 9.6], "rotation": 270, "texture": "#2"},
				"up": {"uv": [5.33333, 8, 6.09524, 9.6], "texture": "#2"},
				"down": {"uv": [5.33333, 9.6, 6.09524, 8], "texture": "#2"}
			}
		},
		{
			"name": "katana_14",
			"from": [3.88571, -1.6, 8.45714],
			"to": [4.8, -0.68571, 13.02857],
			"rotation": {"angle": 0, "axis": "y", "origin": [-1.6, -1.6, -1.6]},
			"faces": {
				"north": {"uv": [5.33333, 8.8, 4.57143, 9.6], "texture": "#2"},
				"east": {"uv": [4.57143, 8.8, 5.33333, 12.8], "rotation": 90, "texture": "#2"},
				"south": {"uv": [4.57143, 12, 5.33333, 12.8], "texture": "#2"},
				"west": {"uv": [4.57143, 8.8, 5.33333, 12.8], "rotation": 270, "texture": "#2"},
				"up": {"uv": [4.57143, 8.8, 5.33333, 12.8], "texture": "#2"},
				"down": {"uv": [4.57143, 12.8, 5.33333, 8.8], "texture": "#2"}
			}
		},
		{
			"name": "katana_15",
			"from": [1.14286, -1.6, 9.37143],
			"to": [2.05714, -0.68571, 13.94286],
			"rotation": {"angle": 0, "axis": "y", "origin": [-1.6, -1.6, -1.6]},
			"faces": {
				"north": {"uv": [3.04762, 9.6, 2.28571, 10.4], "texture": "#2"},
				"east": {"uv": [2.28571, 9.6, 3.04762, 13.6], "rotation": 90, "texture": "#2"},
				"south": {"uv": [2.28571, 12.8, 3.04762, 13.6], "texture": "#2"},
				"west": {"uv": [2.28571, 9.6, 3.04762, 13.6], "rotation": 270, "texture": "#2"},
				"up": {"uv": [2.28571, 9.6, 3.04762, 13.6], "texture": "#2"},
				"down": {"uv": [2.28571, 13.6, 3.04762, 9.6], "texture": "#2"}
			}
		},
		{
			"name": "katana_16",
			"from": [2.97143, -1.6, 9.37143],
			"to": [3.88571, -0.68571, 13.02857],
			"rotation": {"angle": 0, "axis": "y", "origin": [-1.6, -1.6, -1.6]},
			"faces": {
				"north": {"uv": [4.57143, 9.6, 3.80952, 10.4], "texture": "#2"},
				"east": {"uv": [3.80952, 9.6, 4.57143, 12.8], "rotation": 90, "texture": "#2"},
				"south": {"uv": [3.80952, 12, 4.57143, 12.8], "texture": "#2"},
				"west": {"uv": [3.80952, 9.6, 4.57143, 12.8], "rotation": 270, "texture": "#2"},
				"up": {"uv": [3.80952, 9.6, 4.57143, 12.8], "texture": "#2"},
				"down": {"uv": [3.80952, 12.8, 4.57143, 9.6], "texture": "#2"}
			}
		},
		{
			"name": "katana_17",
			"from": [2.05714, -1.6, 10.28571],
			"to": [2.97143, -0.68571, 13.02857],
			"rotation": {"angle": 0, "axis": "y", "origin": [-1.6, -1.6, -1.6]},
			"faces": {
				"north": {"uv": [3.80952, 10.4, 3.04762, 11.2], "texture": "#2"},
				"east": {"uv": [3.04762, 10.4, 3.80952, 12.8], "rotation": 90, "texture": "#2"},
				"south": {"uv": [3.04762, 12, 3.80952, 12.8], "texture": "#2"},
				"west": {"uv": [3.04762, 10.4, 3.80952, 12.8], "rotation": 270, "texture": "#2"},
				"up": {"uv": [3.04762, 10.4, 3.80952, 12.8], "texture": "#2"},
				"down": {"uv": [3.04762, 12.8, 3.80952, 10.4], "texture": "#2"}
			}
		},
		{
			"name": "katana_18",
			"from": [0.22857, -1.6, 13.02857],
			"to": [1.14286, -0.68571, 15.77143],
			"rotation": {"angle": 0, "axis": "y", "origin": [-1.6, -1.6, -1.6]},
			"faces": {
				"north": {"uv": [2.28571, 12.8, 1.52381, 13.6], "texture": "#2"},
				"east": {"uv": [1.52381, 12.8, 2.28571, 15.2], "rotation": 90, "texture": "#2"},
				"south": {"uv": [1.52381, 14.4, 2.28571, 15.2], "texture": "#2"},
				"west": {"uv": [1.52381, 12.8, 2.28571, 15.2], "rotation": 270, "texture": "#2"},
				"up": {"uv": [1.52381, 12.8, 2.28571, 15.2], "texture": "#2"},
				"down": {"uv": [1.52381, 15.2, 2.28571, 12.8], "texture": "#2"}
			}
		},
		{
			"name": "katana_19",
			"from": [-0.68571, -1.6, 13.94286],
			"to": [0.22857, -0.68571, 16.68571],
			"rotation": {"angle": 0, "axis": "y", "origin": [-1.6, -1.6, -1.6]},
			"faces": {
				"north": {"uv": [1.52381, 13.6, 0.7619, 14.4], "texture": "#2"},
				"east": {"uv": [0.7619, 13.6, 1.52381, 16], "rotation": 90, "texture": "#2"},
				"south": {"uv": [0.7619, 15.2, 1.52381, 16], "texture": "#2"},
				"west": {"uv": [0.7619, 13.6, 1.52381, 16], "rotation": 270, "texture": "#2"},
				"up": {"uv": [0.7619, 13.6, 1.52381, 16], "texture": "#2"},
				"down": {"uv": [0.7619, 16, 1.52381, 13.6], "texture": "#2"}
			}
		},
		{
			"name": "katana_20",
			"from": [-1.6, -1.6, 14.85714],
			"to": [-0.68571, -0.68571, 15.77143],
			"rotation": {"angle": 0, "axis": "y", "origin": [-1.6, -1.6, -1.6]},
			"faces": {
				"north": {"uv": [0.7619, 14.4, 0, 15.2], "texture": "#2"},
				"east": {"uv": [0, 14.4, 0.7619, 15.2], "rotation": 90, "texture": "#2"},
				"south": {"uv": [0, 14.4, 0.7619, 15.2], "texture": "#2"},
				"west": {"uv": [0, 14.4, 0.7619, 15.2], "rotation": 270, "texture": "#2"},
				"up": {"uv": [0, 14.4, 0.7619, 15.2], "texture": "#2"},
				"down": {"uv": [0, 15.2, 0.7619, 14.4], "texture": "#2"}
			}
		}
	],
	"gui_light": "front",
	"display": {
		"thirdperson_righthand": {
			"rotation": [45, 0, 90],
			"translation": [-9.5, 6.75, 2.75]
		},
		"thirdperson_lefthand": {
			"rotation": [-44, 0, 90],
			"translation": [-9, -10.5, 2.5]
		},
		"firstperson_righthand": {
			"rotation": [45, 0, 90],
			"translation": [-9.25, 6.75, 2.75],
			"scale": [0.8, 0.8, 0.8]
		},
		"firstperson_lefthand": {
			"rotation": [-44, 0, 90],
			"translation": [-7.5, -1, 2.5],
			"scale": [0.8, 0.8, 0.8]
		},
		"ground": {
			"rotation": [90, 0, 0],
			"translation": [0, 1.5, 7.5]
		},
		"gui": {
			"rotation": [90, 0, 0],
			"translation": [0, -0.25, -7],
			"scale": [0.8, 0.8, 0.8]
		},
		"fixed": {
			"rotation": [90, 0, 180],
			"translation": [0, -1, -9.5]
		}
	},
	"groups": [
		{
			"name": "katana",
			"origin": [8, 8, 8],
			"color": 0,
			"children": [0, 1, 2, 3, 4, 5, 6, 7, 8, 9, 10, 11, 12, 13, 14, 15, 16, 17, 18, 19, 20]
		}
	]
}