{
	"format_version": "1.21.6",
	"credit": "Made with Blockbench",
	"parent": "item/handheld",
	"textures": {
		"layer0": "./galaxy_sword"
	},
	"display": {
		"thirdperson_righthand": {
			"rotation": [-26, -90, 13],
			"translation": [0, 4.75, 2.5],
			"scale": [0.86133, 0.85547, 0.5]
		},
		"thirdperson_lefthand": {
			"rotation": [26, -90, -13],
			"translation": [0, 4.75, 2.5],
			"scale": [0.86133, 0.85547, 0.5]
		},
		"firstperson_righthand": {
			"rotation": [-51, -90, 0],
			"translation": [0, 4.75, 2.5],
			"scale": [0.86133, 0.85547, 0.5]
		},
		"firstperson_lefthand": {
			"rotation": [51, -90, 0],
			"translation": [0, 4.75, 2.5],
			"scale": [0.86133, 0.85547, 0.5]
		},
		"ground": {
			"translation": [0, 5.25, 0]
		},
		"head": {
			"rotation": [0, 0, -45],
			"translation": [0, -4.5, -6.5],
			"scale": [2, 2, 2]
		}
	}
}